Uuid,Void/Retire,Name,Strength,Concept drug,Concept dosage form
1891fc32-a89d-11df-bba5-000c297f1161,,Triomune-30,1tab(s),654a2bc6-977f-11e1-8993-905e29aff6c1,656921d4-977f-11e1-8993-905e29aff6c1
1892042a-a89d-11df-bba5-000c297f1161,,Triomune-40,1tab(s),654a2bc6-977f-11e1-8993-905e29aff6c1,656921d4-977f-11e1-8993-905e29aff6c1
189205ce-a89d-11df-bba5-000c297f1161,,d4T (Stavudine 30mg tablet),30mg,65491e02-977f-11e1-8993-905e29aff6c1,656921d4-977f-11e1-8993-905e29aff6c1
1892074a-a89d-11df-bba5-000c297f1161,,d4T (Stavudine 40mg tablet),40mg,65491e02-977f-11e1-8993-905e29aff6c1,656921d4-977f-11e1-8993-905e29aff6c1
1892a592-a89d-11df-bba5-000c297f1161,,DDI (Didanosine 125mg tablet),125mg,654a3012-977f-11e1-8993-905e29aff6c1,656921d4-977f-11e1-8993-905e29aff6c1
1892a754-a89d-11df-bba5-000c297f1161,,DDI (Didanosine 200mg tablet),200mg,654a3012-977f-11e1-8993-905e29aff6c1,656921d4-977f-11e1-8993-905e29aff6c1
1892a8d0-a89d-11df-bba5-000c297f1161,,EFV (Efavirenz 600mg tablet),600mg,65492686-977f-11e1-8993-905e29aff6c1,656921d4-977f-11e1-8993-905e29aff6c1
1892aa4c-a89d-11df-bba5-000c297f1161,,TDF (Tenofavir 300 mg tablet),300mg,654a3684-977f-11e1-8993-905e29aff6c1,656921d4-977f-11e1-8993-905e29aff6c1
1892abc8-a89d-11df-bba5-000c297f1161,,S (Streptomycin 1gm vial),1g,65484176-977f-11e1-8993-905e29aff6c1,656923d2-977f-11e1-8993-905e29aff6c1
1892b096-a89d-11df-bba5-000c297f1161,,RIF or R (Rifampin 300mg tablet),300mg,654a0fd8-977f-11e1-8993-905e29aff6c1,656921d4-977f-11e1-8993-905e29aff6c1
1892b212-a89d-11df-bba5-000c297f1161,,"RHZ (Rifampin, Isoniazid and Pyrazinamide tablet)",1tab(s),654a1190-977f-11e1-8993-905e29aff6c1,656921d4-977f-11e1-8993-905e29aff6c1
1892b38e-a89d-11df-bba5-000c297f1161,,"RHEZ (RIF, INH, Ethambutol and Pyrazinamide tab)",1tab(s),6557b32c-977f-11e1-8993-905e29aff6c1,656921d4-977f-11e1-8993-905e29aff6c1
1892b50a-a89d-11df-bba5-000c297f1161,,RH (Rifampin and Isoniazid tablet),1tab(s),655852b4-977f-11e1-8993-905e29aff6c1,656921d4-977f-11e1-8993-905e29aff6c1
1892b686-a89d-11df-bba5-000c297f1161,,Z (Pyrazinamide 500mg tablet),500mg,656e0c08-977f-11e1-8993-905e29aff6c1,656921d4-977f-11e1-8993-905e29aff6c1
1892b7f8-a89d-11df-bba5-000c297f1161,,NVP (Nevirapine susp 10mg/mL in 100mL bottle),10ml,6549247e-977f-11e1-8993-905e29aff6c1,656922d8-977f-11e1-8993-905e29aff6c1
1892b974-a89d-11df-bba5-000c297f1161,,NVP (Nevirapine 200 mg tablet),200mg,6549247e-977f-11e1-8993-905e29aff6c1,656921d4-977f-11e1-8993-905e29aff6c1
1892ba5a-a89d-11df-bba5-000c297f1161,,LPV/r (cold; Lopanavir and Ritonavir 166 mg tab),166mg,654a2dec-977f-11e1-8993-905e29aff6c1,656921d4-977f-11e1-8993-905e29aff6c1
1892bb36-a89d-11df-bba5-000c297f1161,,INH or H (Isoniazid 100mg tablet),100mg,65498bbc-977f-11e1-8993-905e29aff6c1,656921d4-977f-11e1-8993-905e29aff6c1
1892bc1c-a89d-11df-bba5-000c297f1161,,FCZ (Fluconazole 150mg tablet),150mg,6549f2dc-977f-11e1-8993-905e29aff6c1,656921d4-977f-11e1-8993-905e29aff6c1
1892bcf8-a89d-11df-bba5-000c297f1161,,Fluconazole (200mg tablet),200mg,6549f2dc-977f-11e1-8993-905e29aff6c1,656921d4-977f-11e1-8993-905e29aff6c1
1892bdde-a89d-11df-bba5-000c297f1161,,E (Ethambutol 400mg tablet),400mg,6549f0b6-977f-11e1-8993-905e29aff6c1,656921d4-977f-11e1-8993-905e29aff6c1
1892bec4-a89d-11df-bba5-000c297f1161,,EFV (Efavirenz 100mg tablet),100mg,65492686-977f-11e1-8993-905e29aff6c1,656921d4-977f-11e1-8993-905e29aff6c1
1892bfa0-a89d-11df-bba5-000c297f1161,,EFV (Efavirenz 50mg tablet),50mg,65492686-977f-11e1-8993-905e29aff6c1,656921d4-977f-11e1-8993-905e29aff6c1
1892c07c-a89d-11df-bba5-000c297f1161,,EFV (Efavirenz 200mg tablet),200mg,65492686-977f-11e1-8993-905e29aff6c1,656921d4-977f-11e1-8993-905e29aff6c1
1892c158-a89d-11df-bba5-000c297f1161,,d4T (Stavudine 20mg tablet),20mg,65491e02-977f-11e1-8993-905e29aff6c1,656921d4-977f-11e1-8993-905e29aff6c1
1892c23e-a89d-11df-bba5-000c297f1161,,d4T (Stavudine 15mg tablet),15mg,65491e02-977f-11e1-8993-905e29aff6c1,656921d4-977f-11e1-8993-905e29aff6c1
1892c31a-a89d-11df-bba5-000c297f1161,,TMP/SMX (Cotrimoxazole 800/160mg tablet),1tab(s),654b02da-977f-11e1-8993-905e29aff6c1,656921d4-977f-11e1-8993-905e29aff6c1
1892c3f6-a89d-11df-bba5-000c297f1161,,TMP/SMX (Cotrimoxazole 400/80mg tablet),1tab(s),654b02da-977f-11e1-8993-905e29aff6c1,656921d4-977f-11e1-8993-905e29aff6c1
1892c4dc-a89d-11df-bba5-000c297f1161,,TMP/SMX (Cotrimoxazole 200/40mg tablet),1tab(s),654b02da-977f-11e1-8993-905e29aff6c1,656921d4-977f-11e1-8993-905e29aff6c1
1892c5b8-a89d-11df-bba5-000c297f1161,,AZT (Zidovudine syrup 10mg/mL from 100ml bottle),10mL,654a312a-977f-11e1-8993-905e29aff6c1,656922d8-977f-11e1-8993-905e29aff6c1
1892c694-a89d-11df-bba5-000c297f1161,,AZT (Zidovudine 100mg tablet),100mg,654a312a-977f-11e1-8993-905e29aff6c1,656921d4-977f-11e1-8993-905e29aff6c1
1892c77a-a89d-11df-bba5-000c297f1161,,AZT (Zidovudine 300mg tablet),300mg,654a312a-977f-11e1-8993-905e29aff6c1,656921d4-977f-11e1-8993-905e29aff6c1
1892c860-a89d-11df-bba5-000c297f1161,,AZT+3TC (Zidovudine and Lamivudine tablet),1tab(s),6549237a-977f-11e1-8993-905e29aff6c1,656921d4-977f-11e1-8993-905e29aff6c1
1892c93c-a89d-11df-bba5-000c297f1161,,ABC (Abacavir 300mg tablet),300mg,654a435e-977f-11e1-8993-905e29aff6c1,656921d4-977f-11e1-8993-905e29aff6c1
1892ca18-a89d-11df-bba5-000c297f1161,,3TC (Lamivudine syrup 10mg/mL from 100mL bottle),10mL,6549215e-977f-11e1-8993-905e29aff6c1,656922d8-977f-11e1-8993-905e29aff6c1
1892cafe-a89d-11df-bba5-000c297f1161,,3TC (Lamivudine 150mg tablet),150mg,6549215e-977f-11e1-8993-905e29aff6c1,656921d4-977f-11e1-8993-905e29aff6c1
1892cbe4-a89d-11df-bba5-000c297f1161,true,INH or H (Isoniazid) no dose strength ,,65498bbc-977f-11e1-8993-905e29aff6c1,
1892ccca-a89d-11df-bba5-000c297f1161,true,RIF or R (Rifampin) no dose strength,,654a0fd8-977f-11e1-8993-905e29aff6c1,
1892cda6-a89d-11df-bba5-000c297f1161,true,E (Ethambutol) no dose strength,,6549f0b6-977f-11e1-8993-905e29aff6c1,
1892ce82-a89d-11df-bba5-000c297f1161,true,Z (Pyrazinamide mg ) no dose strength,,656e0c08-977f-11e1-8993-905e29aff6c1,
1892cf68-a89d-11df-bba5-000c297f1161,true,S (Streptomycin) no dose strength,,65484176-977f-11e1-8993-905e29aff6c1,
1892d044-a89d-11df-bba5-000c297f1161,,KM (Kanamycin 1gm vial),1g,6559b082-977f-11e1-8993-905e29aff6c1,656923d2-977f-11e1-8993-905e29aff6c1
1892d120-a89d-11df-bba5-000c297f1161,,AMK (Amikacin 500mg/2mL ),500mg/2mL,655978a6-977f-11e1-8993-905e29aff6c1,656922d8-977f-11e1-8993-905e29aff6c1
1892d206-a89d-11df-bba5-000c297f1161,,CM (Capreomicin 1g vial ),1g,65599868-977f-11e1-8993-905e29aff6c1,656923d2-977f-11e1-8993-905e29aff6c1
1892d2e2-a89d-11df-bba5-000c297f1161,,VI (Viomycin),,655f5258-977f-11e1-8993-905e29aff6c1,656921d4-977f-11e1-8993-905e29aff6c1
1892d3c8-a89d-11df-bba5-000c297f1161,true,CPX (Ciprofloxacin),,6549eb66-977f-11e1-8993-905e29aff6c1,656921d4-977f-11e1-8993-905e29aff6c1
1892d4a4-a89d-11df-bba5-000c297f1161,true,OFX (Ofloxacin),,6559b186-977f-11e1-8993-905e29aff6c1,656921d4-977f-11e1-8993-905e29aff6c1
1892d58a-a89d-11df-bba5-000c297f1161,true,LFX (Levofloxacin),,6549fb6a-977f-11e1-8993-905e29aff6c1,656921d4-977f-11e1-8993-905e29aff6c1
1892d670-a89d-11df-bba5-000c297f1161,,Moxi (Moxifloxacin 400mg tablet),400mg,654b2cc4-977f-11e1-8993-905e29aff6c1,656921d4-977f-11e1-8993-905e29aff6c1
1892d74c-a89d-11df-bba5-000c297f1161,,Gati (Gatifloxacin 400 mg tablet),400mg,6559af74-977f-11e1-8993-905e29aff6c1,656921d4-977f-11e1-8993-905e29aff6c1
1892d832-a89d-11df-bba5-000c297f1161,,Ethio (Ethionamide 250mg tablet),250mg,6559ad62-977f-11e1-8993-905e29aff6c1,656921d4-977f-11e1-8993-905e29aff6c1
1892d90e-a89d-11df-bba5-000c297f1161,,CS (Cycloserine 250mg tablet),250mg,6559ac5e-977f-11e1-8993-905e29aff6c1,656921d4-977f-11e1-8993-905e29aff6c1
1892d9ea-a89d-11df-bba5-000c297f1161,,Prothio (Prothionamide 250mg tablet),250mg,6559ae70-977f-11e1-8993-905e29aff6c1,656921d4-977f-11e1-8993-905e29aff6c1
1892dac6-a89d-11df-bba5-000c297f1161,,TRD (Terizidone 250mg tablet),250mg,655aa9b0-977f-11e1-8993-905e29aff6c1,656921d4-977f-11e1-8993-905e29aff6c1
1892dbac-a89d-11df-bba5-000c297f1161,,PAS (P-aminosalyicylic acid 4g sachet),1Units,6559b294-977f-11e1-8993-905e29aff6c1,656924c2-977f-11e1-8993-905e29aff6c1
1892dc88-a89d-11df-bba5-000c297f1161,true,CFZ (Clofazimine),,6559ab46-977f-11e1-8993-905e29aff6c1,656921d4-977f-11e1-8993-905e29aff6c1
1892dd6e-a89d-11df-bba5-000c297f1161,,AMX/CLV (Amoxicillin/Clavulantic Acid 500/125mg ta,1tab(s),65484e78-977f-11e1-8993-905e29aff6c1,656921d4-977f-11e1-8993-905e29aff6c1
1892de4a-a89d-11df-bba5-000c297f1161,,Clarithromycin (500mg tablet),500mg,655f546a-977f-11e1-8993-905e29aff6c1,656921d4-977f-11e1-8993-905e29aff6c1
1892df30-a89d-11df-bba5-000c297f1161,,RFB (Rifabutin 150mg tablet ),150mg,655f556e-977f-11e1-8993-905e29aff6c1,656921d4-977f-11e1-8993-905e29aff6c1
189368d8-a89d-11df-bba5-000c297f1161,true,B6 (Pyridoxine),,654a0e20-977f-11e1-8993-905e29aff6c1,656921d4-977f-11e1-8993-905e29aff6c1
18936a18-a89d-11df-bba5-000c297f1161,,IDV (Indinavir 400mg tablet),400mg,6549f502-977f-11e1-8993-905e29aff6c1,656921d4-977f-11e1-8993-905e29aff6c1
18936b08-a89d-11df-bba5-000c297f1161,true,Standard tuberculosis treatment,,6562431e-977f-11e1-8993-905e29aff6c1,
18936bee-a89d-11df-bba5-000c297f1161,,LS30 (Stavudine and Lamivudine 30mg tablet),1tab(s),6561428e-977f-11e1-8993-905e29aff6c1,656921d4-977f-11e1-8993-905e29aff6c1
18936cd4-a89d-11df-bba5-000c297f1161,,Lamivir baby (Stavudine and Lamivudine 6/30mg tabl,1tab(s),6561428e-977f-11e1-8993-905e29aff6c1,656921d4-977f-11e1-8993-905e29aff6c1
18936db0-a89d-11df-bba5-000c297f1161,,Triomune baby (d4T + 3TC + NVP 6/30/50mg tablet),1tab(s),654a2bc6-977f-11e1-8993-905e29aff6c1,656921d4-977f-11e1-8993-905e29aff6c1
18936e96-a89d-11df-bba5-000c297f1161,,LPV/r (Lopinavir and Ritonavir 200/50mg tablet),1tab(s),654a2dec-977f-11e1-8993-905e29aff6c1,656921d4-977f-11e1-8993-905e29aff6c1
18936f72-a89d-11df-bba5-000c297f1161,,LPV/r (Lopinavir and Ritonavir 100/25mg tablet),1tab(s),654a2dec-977f-11e1-8993-905e29aff6c1,656921d4-977f-11e1-8993-905e29aff6c1
1893704e-a89d-11df-bba5-000c297f1161,,CFZ (Clofazimine 100mg tablet),100mg,6559ab46-977f-11e1-8993-905e29aff6c1,656921d4-977f-11e1-8993-905e29aff6c1
18937134-a89d-11df-bba5-000c297f1161,,Pyridoxine (50mg),50mg,654a0e20-977f-11e1-8993-905e29aff6c1,656921d4-977f-11e1-8993-905e29aff6c1
18937210-a89d-11df-bba5-000c297f1161,,Pyridoxine (100mg),100mg,654a0e20-977f-11e1-8993-905e29aff6c1,656921d4-977f-11e1-8993-905e29aff6c1
1893763e-a89d-11df-bba5-000c297f1161,,Pyridoxine (300mg),300mg,654a0e20-977f-11e1-8993-905e29aff6c1,656921d4-977f-11e1-8993-905e29aff6c1
18937724-a89d-11df-bba5-000c297f1161,,LFX (Levofloxacin 250mg tablet),250mg,6549fb6a-977f-11e1-8993-905e29aff6c1,656921d4-977f-11e1-8993-905e29aff6c1
1893780a-a89d-11df-bba5-000c297f1161,,OFX (Ofloxacin 200mg tablet),200mg,6559b186-977f-11e1-8993-905e29aff6c1,656921d4-977f-11e1-8993-905e29aff6c1
189378e6-a89d-11df-bba5-000c297f1161,,OFX (Ofloxacin 300mg tablet),300mg,6559b186-977f-11e1-8993-905e29aff6c1,656921d4-977f-11e1-8993-905e29aff6c1
189379cc-a89d-11df-bba5-000c297f1161,,OFX (Ofloxacin 400mg tablet),400mg,6559b186-977f-11e1-8993-905e29aff6c1,656921d4-977f-11e1-8993-905e29aff6c1
18937aa8-a89d-11df-bba5-000c297f1161,,Pyridoxine (25mg),25mg,654a0e20-977f-11e1-8993-905e29aff6c1,656921d4-977f-11e1-8993-905e29aff6c1
18937b8e-a89d-11df-bba5-000c297f1161,,CFZ (Clofazimine 50mg tablet),50mg,6559ab46-977f-11e1-8993-905e29aff6c1,656921d4-977f-11e1-8993-905e29aff6c1
18937c6a-a89d-11df-bba5-000c297f1161,,Atenolol (25mg tablet),25mg,65635d58-977f-11e1-8993-905e29aff6c1,656921d4-977f-11e1-8993-905e29aff6c1
18937d5a-a89d-11df-bba5-000c297f1161,,Ciprofloxacin (500mg tablet),500mg,6549eb66-977f-11e1-8993-905e29aff6c1,656921d4-977f-11e1-8993-905e29aff6c1
18937e54-a89d-11df-bba5-000c297f1161,,LFX (Levofloxacin 500mg tablet),500mg,6549fb6a-977f-11e1-8993-905e29aff6c1,656921d4-977f-11e1-8993-905e29aff6c1
18937f44-a89d-11df-bba5-000c297f1161,,RHE (Rifampicin Isoniazid and Ethambutol -1-1-mg t,1tab(s),655a94de-977f-11e1-8993-905e29aff6c1,656921d4-977f-11e1-8993-905e29aff6c1
1893802a-a89d-11df-bba5-000c297f1161,,Zidolam,1tab(s),6549237a-977f-11e1-8993-905e29aff6c1,656921d4-977f-11e1-8993-905e29aff6c1
18938110-a89d-11df-bba5-000c297f1161,,Coviro30 (Lamivudine + Stavudine 150/30 mg tablet),1tab(s),6561428e-977f-11e1-8993-905e29aff6c1,656921d4-977f-11e1-8993-905e29aff6c1
189388fe-a89d-11df-bba5-000c297f1161,,Coviro40 (Lamivudine + Stavudine 150/40mg tablet),1tab(s),6561428e-977f-11e1-8993-905e29aff6c1,656921d4-977f-11e1-8993-905e29aff6c1
189389ee-a89d-11df-bba5-000c297f1161,,MVI (multivitamin syrup),,65485a58-977f-11e1-8993-905e29aff6c1,656922d8-977f-11e1-8993-905e29aff6c1
18938ade-a89d-11df-bba5-000c297f1161,,MVI (multivitamin tablet),1tab(s),65485a58-977f-11e1-8993-905e29aff6c1,656921d4-977f-11e1-8993-905e29aff6c1
18938bc4-a89d-11df-bba5-000c297f1161,,LPV/r (Lopinavir and Ritonavir syrup),,654a2dec-977f-11e1-8993-905e29aff6c1,656922d8-977f-11e1-8993-905e29aff6c1
1893922c-a89d-11df-bba5-000c297f1161,,d4T (Stavudine syrup),,65491e02-977f-11e1-8993-905e29aff6c1,656922d8-977f-11e1-8993-905e29aff6c1
1893931c-a89d-11df-bba5-000c297f1161,,Amitriptyline (25mg tablets),25mg,654b12fc-977f-11e1-8993-905e29aff6c1,656921d4-977f-11e1-8993-905e29aff6c1
18939402-a89d-11df-bba5-000c297f1161,,Chlorphenamine 4mg tablet,4mg,654affa6-977f-11e1-8993-905e29aff6c1,656921d4-977f-11e1-8993-905e29aff6c1
189394e8-a89d-11df-bba5-000c297f1161,,Cloxacillin (tablet),,654b094c-977f-11e1-8993-905e29aff6c1,656921d4-977f-11e1-8993-905e29aff6c1
189395ce-a89d-11df-bba5-000c297f1161,,CPT (Cotrimoxazole 240mg/5ml suspension),5mL,654b02da-977f-11e1-8993-905e29aff6c1,656922d8-977f-11e1-8993-905e29aff6c1
189396aa-a89d-11df-bba5-000c297f1161,,Vincristine Sulphate Injection,1mg/m2,6566d992-977f-11e1-8993-905e29aff6c1,656923d2-977f-11e1-8993-905e29aff6c1
18939d30-a89d-11df-bba5-000c297f1161,,Bleomycin for Injection USP,15mg/m2,6566d88e-977f-11e1-8993-905e29aff6c1,656923d2-977f-11e1-8993-905e29aff6c1
18939e20-a89d-11df-bba5-000c297f1161,,Paclitaxel (Taxol) Injection,100mg/m2,6566da96-977f-11e1-8993-905e29aff6c1,656923d2-977f-11e1-8993-905e29aff6c1
18939f06-a89d-11df-bba5-000c297f1161,,E (Ethambutol 100mg tablet),100mg,6549f0b6-977f-11e1-8993-905e29aff6c1,
18939fec-a89d-11df-bba5-000c297f1161,,Duovir-N,1tab(s),654a2bc6-977f-11e1-8993-905e29aff6c1,
1893a4a6-a89d-11df-bba5-000c297f1161,,Acyclovir (200mg tablet),200mg,6549dd6a-977f-11e1-8993-905e29aff6c1,656921d4-977f-11e1-8993-905e29aff6c1
1893adfc-a89d-11df-bba5-000c297f1161,,Albendazole (200mg tablet),200mg,654b1dba-977f-11e1-8993-905e29aff6c1,656921d4-977f-11e1-8993-905e29aff6c1
1893b126-a89d-11df-bba5-000c297f1161,,Albendazole (400mg tablet),400mg,654b1dba-977f-11e1-8993-905e29aff6c1,656921d4-977f-11e1-8993-905e29aff6c1
1893b2a2-a89d-11df-bba5-000c297f1161,,Aminophylline (100mg tablet),100mg,654b0fbe-977f-11e1-8993-905e29aff6c1,656921d4-977f-11e1-8993-905e29aff6c1
1893bb9e-a89d-11df-bba5-000c297f1161,,Amoxicillin + Clavulanic Acid (375mg tablet),375mg,65484e78-977f-11e1-8993-905e29aff6c1,656921d4-977f-11e1-8993-905e29aff6c1
1893bd10-a89d-11df-bba5-000c297f1161,,Amoxicillin (125mg tablet),125mg,65472b24-977f-11e1-8993-905e29aff6c1,656921d4-977f-11e1-8993-905e29aff6c1
1893c418-a89d-11df-bba5-000c297f1161,,Amoxicillin (250mg capsule),250mg,65472b24-977f-11e1-8993-905e29aff6c1,6569265c-977f-11e1-8993-905e29aff6c1
1893cc10-a89d-11df-bba5-000c297f1161,,Amoxicillin (250mg tablet),250mg,65472b24-977f-11e1-8993-905e29aff6c1,656921d4-977f-11e1-8993-905e29aff6c1
1893d43a-a89d-11df-bba5-000c297f1161,,Amoxicillin (500mg capsule),500mg,65472b24-977f-11e1-8993-905e29aff6c1,6569265c-977f-11e1-8993-905e29aff6c1
1893db56-a89d-11df-bba5-000c297f1161,,Ampicillin (1mg ampulle),1mg,654732b8-977f-11e1-8993-905e29aff6c1,656923d2-977f-11e1-8993-905e29aff6c1
1893ed1c-a89d-11df-bba5-000c297f1161,,Aspirin (300mg tablet),300mg,6545efde-977f-11e1-8993-905e29aff6c1,656921d4-977f-11e1-8993-905e29aff6c1
1893ee20-a89d-11df-bba5-000c297f1161,,Atenolol (100mg tablet),100mg,65635d58-977f-11e1-8993-905e29aff6c1,656921d4-977f-11e1-8993-905e29aff6c1
1893ef10-a89d-11df-bba5-000c297f1161,,Atenolol (50mg tablet),50mg,65635d58-977f-11e1-8993-905e29aff6c1,656921d4-977f-11e1-8993-905e29aff6c1
1893f000-a89d-11df-bba5-000c297f1161,,Azithromycin (250mg tablet),250mg,6549e09e-977f-11e1-8993-905e29aff6c1,656921d4-977f-11e1-8993-905e29aff6c1
1893f0fa-a89d-11df-bba5-000c297f1161,,Pyridoxine (60mg),60mg,654a0e20-977f-11e1-8993-905e29aff6c1,656921d4-977f-11e1-8993-905e29aff6c1
1893f1ea-a89d-11df-bba5-000c297f1161,,Beclometasone Cream BP (15g tube),1application,65588aa4-977f-11e1-8993-905e29aff6c1,65692760-977f-11e1-8993-905e29aff6c1
1893f2e4-a89d-11df-bba5-000c297f1161,,Beclometasone Pressurised Inhalation (50mg dose),1dose,65588aa4-977f-11e1-8993-905e29aff6c1,65692760-977f-11e1-8993-905e29aff6c1
189511ba-a89d-11df-bba5-000c297f1161,,Benzyl Benzoate (25% topical 1000ml),1application,65482218-977f-11e1-8993-905e29aff6c1,65692760-977f-11e1-8993-905e29aff6c1
1895134a-a89d-11df-bba5-000c297f1161,,Betamethasone Valerate (.1% 15mg tube),1application,654a254a-977f-11e1-8993-905e29aff6c1,65692760-977f-11e1-8993-905e29aff6c1
18951462-a89d-11df-bba5-000c297f1161,,Calamine Lotion (100ml tube),1application,6548824e-977f-11e1-8993-905e29aff6c1,65692760-977f-11e1-8993-905e29aff6c1
1895155c-a89d-11df-bba5-000c297f1161,,Calamine Lotion (500ml tube),1application,6548824e-977f-11e1-8993-905e29aff6c1,65692760-977f-11e1-8993-905e29aff6c1
18951660-a89d-11df-bba5-000c297f1161,,Carbamazepine (200mg tablet),200mg,654b0726-977f-11e1-8993-905e29aff6c1,656921d4-977f-11e1-8993-905e29aff6c1
1895175a-a89d-11df-bba5-000c297f1161,,Ceftriaxone (1 g ampulle),1g,6548858c-977f-11e1-8993-905e29aff6c1,656923d2-977f-11e1-8993-905e29aff6c1
18951854-a89d-11df-bba5-000c297f1161,,Ceftriaxone (250mg ampulle),250mg,6548858c-977f-11e1-8993-905e29aff6c1,656923d2-977f-11e1-8993-905e29aff6c1
18951d18-a89d-11df-bba5-000c297f1161,,Chloramphenicol 125mg/5ml susp (100ml bottle),5ml,65472cfa-977f-11e1-8993-905e29aff6c1,656922d8-977f-11e1-8993-905e29aff6c1
18951e26-a89d-11df-bba5-000c297f1161,,Chloramphenicol 10% ear drops (10ml bottle),1drop(s),65472cfa-977f-11e1-8993-905e29aff6c1,656922d8-977f-11e1-8993-905e29aff6c1
18951f2a-a89d-11df-bba5-000c297f1161,,Chloramphenicol (125mg tablet),125mg,65472cfa-977f-11e1-8993-905e29aff6c1,656921d4-977f-11e1-8993-905e29aff6c1
18952024-a89d-11df-bba5-000c297f1161,,Chloramphenicol (250mg capsule),250mg,65472cfa-977f-11e1-8993-905e29aff6c1,6569265c-977f-11e1-8993-905e29aff6c1
1895211e-a89d-11df-bba5-000c297f1161,,Chloramphenicol eye ointment (5mg tube),1application,65472cfa-977f-11e1-8993-905e29aff6c1,65692760-977f-11e1-8993-905e29aff6c1
18952218-a89d-11df-bba5-000c297f1161,,Chloramphenicol Sodium (1g ampulle),1g,65472cfa-977f-11e1-8993-905e29aff6c1,656923d2-977f-11e1-8993-905e29aff6c1
18952312-a89d-11df-bba5-000c297f1161,,Chlorphenamine (10 mg ampulle),10mg,654affa6-977f-11e1-8993-905e29aff6c1,656923d2-977f-11e1-8993-905e29aff6c1
1895240c-a89d-11df-bba5-000c297f1161,,Chlorphenamine (100mg tablet),100mg,654affa6-977f-11e1-8993-905e29aff6c1,656921d4-977f-11e1-8993-905e29aff6c1
18952506-a89d-11df-bba5-000c297f1161,,Chlorphenamine (25mg tablet),25mg,654affa6-977f-11e1-8993-905e29aff6c1,656921d4-977f-11e1-8993-905e29aff6c1
18952600-a89d-11df-bba5-000c297f1161,,Chlorphenamine (4mg tablet),4mg,654affa6-977f-11e1-8993-905e29aff6c1,656921d4-977f-11e1-8993-905e29aff6c1
189526fa-a89d-11df-bba5-000c297f1161,,Chlorphenamine (50mg tablet),50mg,654affa6-977f-11e1-8993-905e29aff6c1,656921d4-977f-11e1-8993-905e29aff6c1
189527f4-a89d-11df-bba5-000c297f1161,,Chlorpromazine (100mg tablet),100mg,654b00aa-977f-11e1-8993-905e29aff6c1,656921d4-977f-11e1-8993-905e29aff6c1
189528ee-a89d-11df-bba5-000c297f1161,,Chlorpromazine (25mg tablet),25mg,654b00aa-977f-11e1-8993-905e29aff6c1,656921d4-977f-11e1-8993-905e29aff6c1
189529e8-a89d-11df-bba5-000c297f1161,,Chlorpromazine (50mg tablet),50mg,654b00aa-977f-11e1-8993-905e29aff6c1,656921d4-977f-11e1-8993-905e29aff6c1
18952ae2-a89d-11df-bba5-000c297f1161,,Cimetidine (200mg tablet),200mg,655e5eb6-977f-11e1-8993-905e29aff6c1,656921d4-977f-11e1-8993-905e29aff6c1
18952bd2-a89d-11df-bba5-000c297f1161,,Cimetidine (400mg tablet),400mg,655e5eb6-977f-11e1-8993-905e29aff6c1,656921d4-977f-11e1-8993-905e29aff6c1
18952ccc-a89d-11df-bba5-000c297f1161,,Ciprofloxacin ear/eye drops (5ml bottle),1drop(s),6549eb66-977f-11e1-8993-905e29aff6c1,656922d8-977f-11e1-8993-905e29aff6c1
18952dd0-a89d-11df-bba5-000c297f1161,,Clotrimazole Cream 1% (20g tube),1application,654b3228-977f-11e1-8993-905e29aff6c1,65692760-977f-11e1-8993-905e29aff6c1
18952eca-a89d-11df-bba5-000c297f1161,,Cloxacillin (125mg suspension),125mg,654b094c-977f-11e1-8993-905e29aff6c1,656922d8-977f-11e1-8993-905e29aff6c1
18952fc4-a89d-11df-bba5-000c297f1161,,Cloxacillin (250mg tablet),250mg,654b094c-977f-11e1-8993-905e29aff6c1,656921d4-977f-11e1-8993-905e29aff6c1
189530be-a89d-11df-bba5-000c297f1161,,Cloxacillin (250mg capsule),250mg,654b094c-977f-11e1-8993-905e29aff6c1,6569265c-977f-11e1-8993-905e29aff6c1
189531b8-a89d-11df-bba5-000c297f1161,,Cloxacillin (500mg capsule),500mg,654b094c-977f-11e1-8993-905e29aff6c1,6569265c-977f-11e1-8993-905e29aff6c1
189532b2-a89d-11df-bba5-000c297f1161,true,Cloxacillin 500milligram Capsule,500mg,654b094c-977f-11e1-8993-905e29aff6c1,6569265c-977f-11e1-8993-905e29aff6c1
189533ac-a89d-11df-bba5-000c297f1161,,Dapsone (100mg tablet),100mg,6545f8b2-977f-11e1-8993-905e29aff6c1,656921d4-977f-11e1-8993-905e29aff6c1
189534a6-a89d-11df-bba5-000c297f1161,,Diazepam 5mg/ml (2ml ampulle),2ml,6547016c-977f-11e1-8993-905e29aff6c1,656923d2-977f-11e1-8993-905e29aff6c1
189535a0-a89d-11df-bba5-000c297f1161,,Diazepam (5mg tablet),5mg,6547016c-977f-11e1-8993-905e29aff6c1,656921d4-977f-11e1-8993-905e29aff6c1
1895369a-a89d-11df-bba5-000c297f1161,,Diclofenac Sodium (50mg tablet),50mg,65483f50-977f-11e1-8993-905e29aff6c1,656921d4-977f-11e1-8993-905e29aff6c1
1895378a-a89d-11df-bba5-000c297f1161,,Diclofenac injection (25mg),25mg (injection),65483f50-977f-11e1-8993-905e29aff6c1,656923d2-977f-11e1-8993-905e29aff6c1
18953884-a89d-11df-bba5-000c297f1161,,Dihydrocodeine (30mg tablet),30mg,6549ee9a-977f-11e1-8993-905e29aff6c1,656921d4-977f-11e1-8993-905e29aff6c1
1895397e-a89d-11df-bba5-000c297f1161,,Doxycycline (100mg capsule),100mg,6545fbfa-977f-11e1-8993-905e29aff6c1,6569265c-977f-11e1-8993-905e29aff6c1
18953a78-a89d-11df-bba5-000c297f1161,,Erythromycin (125mg/5ml suspension),5ml,65473646-977f-11e1-8993-905e29aff6c1,6569285a-977f-11e1-8993-905e29aff6c1
18953b68-a89d-11df-bba5-000c297f1161,,Erythromycin (250mg tablet),250mg,65473646-977f-11e1-8993-905e29aff6c1,656921d4-977f-11e1-8993-905e29aff6c1
18953c62-a89d-11df-bba5-000c297f1161,,Ferrous sulphate + folic acid (200mg+250mcg tablet,450mg,654a1712-977f-11e1-8993-905e29aff6c1,656921d4-977f-11e1-8993-905e29aff6c1
18953d5c-a89d-11df-bba5-000c297f1161,,Ferrous sulphate (200mg tablet),200mg,6547145e-977f-11e1-8993-905e29aff6c1,656921d4-977f-11e1-8993-905e29aff6c1
18953e56-a89d-11df-bba5-000c297f1161,,Folic Acid (5mg tablet),5mg,6547162a-977f-11e1-8993-905e29aff6c1,656921d4-977f-11e1-8993-905e29aff6c1
18953f50-a89d-11df-bba5-000c297f1161,,Furosemide (40mg tablet),40mg,6546003c-977f-11e1-8993-905e29aff6c1,656921d4-977f-11e1-8993-905e29aff6c1
18954040-a89d-11df-bba5-000c297f1161,,Gentamicine 0.3% Eye Drops (1nl),1drop(s),6546014a-977f-11e1-8993-905e29aff6c1,65692760-977f-11e1-8993-905e29aff6c1
1895413a-a89d-11df-bba5-000c297f1161,,Gentamicine (40mg ampulle),40mg,6546014a-977f-11e1-8993-905e29aff6c1,656923d2-977f-11e1-8993-905e29aff6c1
18954234-a89d-11df-bba5-000c297f1161,,Hydralazine (25mg tablet),25mg,654b10d6-977f-11e1-8993-905e29aff6c1,656921d4-977f-11e1-8993-905e29aff6c1
1895434c-a89d-11df-bba5-000c297f1161,,Hydrochlorothiazide (25mg tablet),25mg,65588df6-977f-11e1-8993-905e29aff6c1,656921d4-977f-11e1-8993-905e29aff6c1
18954504-a89d-11df-bba5-000c297f1161,,Hydrocortisone acetate 25mg/ml,5ml,65474a14-977f-11e1-8993-905e29aff6c1,65692760-977f-11e1-8993-905e29aff6c1
18954694-a89d-11df-bba5-000c297f1161,,Hydrocortisone Cream 1% (15g tube),1application,65474a14-977f-11e1-8993-905e29aff6c1,65692760-977f-11e1-8993-905e29aff6c1
18954a2c-a89d-11df-bba5-000c297f1161,,Ibuprofen (100mg capsule),100mg,654afe8e-977f-11e1-8993-905e29aff6c1,656922d8-977f-11e1-8993-905e29aff6c1
18954bd0-a89d-11df-bba5-000c297f1161,,Ibuprofen (200mg tablet),200mg,654afe8e-977f-11e1-8993-905e29aff6c1,656921d4-977f-11e1-8993-905e29aff6c1
1895db90-a89d-11df-bba5-000c297f1161,,Ibuprofen (400mg tablet),400mg,654afe8e-977f-11e1-8993-905e29aff6c1,656921d4-977f-11e1-8993-905e29aff6c1
1895ddca-a89d-11df-bba5-000c297f1161,,Imipramine Hcl (25mg tablet),25mg,6549f3ea-977f-11e1-8993-905e29aff6c1,656921d4-977f-11e1-8993-905e29aff6c1
1895df78-a89d-11df-bba5-000c297f1161,,Indomethacin (25mg capsule),25mg,65472638-977f-11e1-8993-905e29aff6c1,6569265c-977f-11e1-8993-905e29aff6c1
1895e112-a89d-11df-bba5-000c297f1161,,Ketoconazole (200mg tablet),200mg,654b0da2-977f-11e1-8993-905e29aff6c1,656921d4-977f-11e1-8993-905e29aff6c1
1895e2b6-a89d-11df-bba5-000c297f1161,,Lamivudine (5ml bottle),1ml,6549215e-977f-11e1-8993-905e29aff6c1,656922d8-977f-11e1-8993-905e29aff6c1
1895e446-a89d-11df-bba5-000c297f1161,,Loperamide HCl (2mg tablet),2mg,654837c6-977f-11e1-8993-905e29aff6c1,656921d4-977f-11e1-8993-905e29aff6c1
1895e5e0-a89d-11df-bba5-000c297f1161,,Magnesium trisilicate compound (250mg tablet),250mg,65476454-977f-11e1-8993-905e29aff6c1,656921d4-977f-11e1-8993-905e29aff6c1
1895e770-a89d-11df-bba5-000c297f1161,,Methyldopa (250mg tablet),250mg,654706da-977f-11e1-8993-905e29aff6c1,656921d4-977f-11e1-8993-905e29aff6c1
1895e90a-a89d-11df-bba5-000c297f1161,,Metoclopramide (10mg tablet),10mg,6549f71e-977f-11e1-8993-905e29aff6c1,656921d4-977f-11e1-8993-905e29aff6c1
1895eaa4-a89d-11df-bba5-000c297f1161,,Metronidazole .5% (5mg ampulle),5mg,6546f2a8-977f-11e1-8993-905e29aff6c1,656923d2-977f-11e1-8993-905e29aff6c1
1895ec3e-a89d-11df-bba5-000c297f1161,,Metronidazole (250mg tablet),250mg,6546f2a8-977f-11e1-8993-905e29aff6c1,656921d4-977f-11e1-8993-905e29aff6c1
1895edd8-a89d-11df-bba5-000c297f1161,true,Metronidazole (250mg tablet) (retired),250mg,6546f2a8-977f-11e1-8993-905e29aff6c1,656921d4-977f-11e1-8993-905e29aff6c1
1895ef68-a89d-11df-bba5-000c297f1161,,Miconazole 2% cream (30g tube),1application,654b0500-977f-11e1-8993-905e29aff6c1,65692760-977f-11e1-8993-905e29aff6c1
1895f062-a89d-11df-bba5-000c297f1161,,Miconazole oral gel (20mg tube),1application,654b0500-977f-11e1-8993-905e29aff6c1,65692760-977f-11e1-8993-905e29aff6c1
1895f15c-a89d-11df-bba5-000c297f1161,,Nalidixic Acid (1g),1g,6547307e-977f-11e1-8993-905e29aff6c1,656921d4-977f-11e1-8993-905e29aff6c1
1895f256-a89d-11df-bba5-000c297f1161,,"Nystatin (100,000 IU tablet)",1tab(s),654b0618-977f-11e1-8993-905e29aff6c1,656921d4-977f-11e1-8993-905e29aff6c1
1895f346-a89d-11df-bba5-000c297f1161,,"Nystatin susp 100,000 IU/dose (30ml bottle)",1ml,654b0618-977f-11e1-8993-905e29aff6c1,656922d8-977f-11e1-8993-905e29aff6c1
1895f440-a89d-11df-bba5-000c297f1161,,Omeprazole (20mg),20mg,65588f0e-977f-11e1-8993-905e29aff6c1,6569265c-977f-11e1-8993-905e29aff6c1
1895f530-a89d-11df-bba5-000c297f1161,,ORS (Oral Rehydration Salt 20g/dose),1unit(s),6547933e-977f-11e1-8993-905e29aff6c1,6569295e-977f-11e1-8993-905e29aff6c1
1895f62a-a89d-11df-bba5-000c297f1161,,Paracetamol (120mg/5mL susp),5ml,6545f0e2-977f-11e1-8993-905e29aff6c1,656921d4-977f-11e1-8993-905e29aff6c1
1895f71a-a89d-11df-bba5-000c297f1161,,Penicillin V (250mg tablet),250mg,654a22fc-977f-11e1-8993-905e29aff6c1,656921d4-977f-11e1-8993-905e29aff6c1
1895f814-a89d-11df-bba5-000c297f1161,,Phenytoin sodium (100mg tablet),100mg,65473768-977f-11e1-8993-905e29aff6c1,656921d4-977f-11e1-8993-905e29aff6c1
1895f90e-a89d-11df-bba5-000c297f1161,,Phenytoin sodium (25mg tablet),25mg,65473768-977f-11e1-8993-905e29aff6c1,656921d4-977f-11e1-8993-905e29aff6c1
1895f9fe-a89d-11df-bba5-000c297f1161,,Prednisolone (10mg),10mg,654a0c68-977f-11e1-8993-905e29aff6c1,6569265c-977f-11e1-8993-905e29aff6c1
1895faee-a89d-11df-bba5-000c297f1161,,Prednisolone (5mg tablet),5mg,654a0c68-977f-11e1-8993-905e29aff6c1,656921d4-977f-11e1-8993-905e29aff6c1
1895fbde-a89d-11df-bba5-000c297f1161,,Proguanil hydrochloride (100mg tablet),100mg,6545fe16-977f-11e1-8993-905e29aff6c1,656921d4-977f-11e1-8993-905e29aff6c1
1895fcd8-a89d-11df-bba5-000c297f1161,,Propranolol (40mg tablet),40mg,65470f18-977f-11e1-8993-905e29aff6c1,656921d4-977f-11e1-8993-905e29aff6c1
1895fdd2-a89d-11df-bba5-000c297f1161,,Pyridoxine (20mg),20mg,654a0e20-977f-11e1-8993-905e29aff6c1,656921d4-977f-11e1-8993-905e29aff6c1
1895fec2-a89d-11df-bba5-000c297f1161,,Quinine (150mg/5ml susp),5ml,6546fbae-977f-11e1-8993-905e29aff6c1,654672c4-977f-11e1-8993-905e29aff6c1
1895ffbc-a89d-11df-bba5-000c297f1161,true,Quinine 150milligram Bottle ,150mg,6546fbae-977f-11e1-8993-905e29aff6c1,656922d8-977f-11e1-8993-905e29aff6c1
189600ac-a89d-11df-bba5-000c297f1161,,Salbutamol (4mg tablet),4mg,654a3238-977f-11e1-8993-905e29aff6c1,656921d4-977f-11e1-8993-905e29aff6c1
189601a6-a89d-11df-bba5-000c297f1161,,Salbutamol MDI (100mcg/dose),100mcg,654a3238-977f-11e1-8993-905e29aff6c1,656921d4-977f-11e1-8993-905e29aff6c1
18960296-a89d-11df-bba5-000c297f1161,,SP (500mg),500mg,6545eed0-977f-11e1-8993-905e29aff6c1,656921d4-977f-11e1-8993-905e29aff6c1
18960390-a89d-11df-bba5-000c297f1161,,Tetracycline Hydrochloride eye ointment (1%),1application,654739a2-977f-11e1-8993-905e29aff6c1,65692760-977f-11e1-8993-905e29aff6c1
18960480-a89d-11df-bba5-000c297f1161,,Vitamin B complex (15mg tablet),15mg,6547752a-977f-11e1-8993-905e29aff6c1,656921d4-977f-11e1-8993-905e29aff6c1
1896057a-a89d-11df-bba5-000c297f1161,,Acetazolamide (250mg tablet),250mg,65692da0-977f-11e1-8993-905e29aff6c1,656921d4-977f-11e1-8993-905e29aff6c1
18960674-a89d-11df-bba5-000c297f1161,,Adrenaline 1/1000 (1ml ampulle),1ml,65692ea4-977f-11e1-8993-905e29aff6c1,656923d2-977f-11e1-8993-905e29aff6c1
1896076e-a89d-11df-bba5-000c297f1161,,Ascorbic Acid (250mg tablet),250mg,656937d2-977f-11e1-8993-905e29aff6c1,656921d4-977f-11e1-8993-905e29aff6c1
1896085e-a89d-11df-bba5-000c297f1161,true,Ascorbic Acid 250mg tablet,250mg,656937d2-977f-11e1-8993-905e29aff6c1,656921d4-977f-11e1-8993-905e29aff6c1
18960958-a89d-11df-bba5-000c297f1161,,Atropine sulphate  600mcg/ml (1ml ampulle),1ml,65692fa8-977f-11e1-8993-905e29aff6c1,656923d2-977f-11e1-8993-905e29aff6c1
18960a48-a89d-11df-bba5-000c297f1161,,Benzathine Penicillin(2.4MU),2.4MU,656930ac-977f-11e1-8993-905e29aff6c1,656923d2-977f-11e1-8993-905e29aff6c1
18960b38-a89d-11df-bba5-000c297f1161,,Bisacodyl (5mg tablet),5mg,656938e0-977f-11e1-8993-905e29aff6c1,656921d4-977f-11e1-8993-905e29aff6c1
18960c32-a89d-11df-bba5-000c297f1161,,Calcium Gluconate 10% (8.94mg ampulle),8.94mg,656931ba-977f-11e1-8993-905e29aff6c1,656923d2-977f-11e1-8993-905e29aff6c1
18960d22-a89d-11df-bba5-000c297f1161,,Captopril (25mg tablet),25mg,6563597a-977f-11e1-8993-905e29aff6c1,656921d4-977f-11e1-8993-905e29aff6c1
18960e1c-a89d-11df-bba5-000c297f1161,,Clindamycin (150mg capsule),150mg,656939e4-977f-11e1-8993-905e29aff6c1,6569265c-977f-11e1-8993-905e29aff6c1
18960f0c-a89d-11df-bba5-000c297f1161,,Clindamycin (150mg tablet),150mg,656939e4-977f-11e1-8993-905e29aff6c1,656921d4-977f-11e1-8993-905e29aff6c1
18960ffc-a89d-11df-bba5-000c297f1161,,Conjugated estrogen (0.625mg tablet),0.625mg,65693ae8-977f-11e1-8993-905e29aff6c1,656921d4-977f-11e1-8993-905e29aff6c1
189610f6-a89d-11df-bba5-000c297f1161,,Dexamethazone Sodium Phosphate (5mg ampulle),1drop(s),656932be-977f-11e1-8993-905e29aff6c1,656923d2-977f-11e1-8993-905e29aff6c1
189611e6-a89d-11df-bba5-000c297f1161,,Dextrose 50% (20ml ampulle),20ml,656933cc-977f-11e1-8993-905e29aff6c1,656923d2-977f-11e1-8993-905e29aff6c1
189612d6-a89d-11df-bba5-000c297f1161,,Fluoxetine (20mg capsule),20mg,65693bec-977f-11e1-8993-905e29aff6c1,6569265c-977f-11e1-8993-905e29aff6c1
189613d0-a89d-11df-bba5-000c297f1161,,Glibenclamide (5mg tablet),5mg,65693cf0-977f-11e1-8993-905e29aff6c1,656921d4-977f-11e1-8993-905e29aff6c1
189614ca-a89d-11df-bba5-000c297f1161,,Griseofulvin (125mg tablet),125mg,6567186c-977f-11e1-8993-905e29aff6c1,656921d4-977f-11e1-8993-905e29aff6c1
189615ba-a89d-11df-bba5-000c297f1161,,Griseofulvin (250mg tablet) ,250mg,6567186c-977f-11e1-8993-905e29aff6c1,656921d4-977f-11e1-8993-905e29aff6c1
1898b6b2-a89d-11df-bba5-000c297f1161,,Griseofulvin (500mg tablet) ,500mg,6567186c-977f-11e1-8993-905e29aff6c1,656921d4-977f-11e1-8993-905e29aff6c1
1898b8ce-a89d-11df-bba5-000c297f1161,,Haloperidol (5mg tablet),5mg,65693df4-977f-11e1-8993-905e29aff6c1,656921d4-977f-11e1-8993-905e29aff6c1
1898b9f0-a89d-11df-bba5-000c297f1161,,Hydrocortisone Sodium Succinate (50mg/ml 2ml ampul,2ml,656934c6-977f-11e1-8993-905e29aff6c1,656923d2-977f-11e1-8993-905e29aff6c1
1898bafe-a89d-11df-bba5-000c297f1161,,Ivermectin (3mg tablet) ,3mg,65693f02-977f-11e1-8993-905e29aff6c1,656921d4-977f-11e1-8993-905e29aff6c1
1898bc02-a89d-11df-bba5-000c297f1161,,Ivermectin (6mg tablet) ,6mg,65693f02-977f-11e1-8993-905e29aff6c1,656921d4-977f-11e1-8993-905e29aff6c1
1898bcfc-a89d-11df-bba5-000c297f1161,,Levodopa + Carbidopa (250mg tablet) ,250mg,65694006-977f-11e1-8993-905e29aff6c1,656921d4-977f-11e1-8993-905e29aff6c1
1898bdf6-a89d-11df-bba5-000c297f1161,,Levothyroxine (100mg tablet) ,100mg,65694100-977f-11e1-8993-905e29aff6c1,656921d4-977f-11e1-8993-905e29aff6c1
1898bee6-a89d-11df-bba5-000c297f1161,,Lidocaine Hydrochloride (HCL) 1% (25ml ampulle),25ml,656935d4-977f-11e1-8993-905e29aff6c1,656923d2-977f-11e1-8993-905e29aff6c1
1898c558-a89d-11df-bba5-000c297f1161,,Lidocaine Hydrochroride (HCL) 2% (25ml ampulle),25ml,656935d4-977f-11e1-8993-905e29aff6c1,656923d2-977f-11e1-8993-905e29aff6c1
1898c666-a89d-11df-bba5-000c297f1161,,Lofemenol 1 cycle,1item,656936d8-977f-11e1-8993-905e29aff6c1,656921d4-977f-11e1-8993-905e29aff6c1
1898c756-a89d-11df-bba5-000c297f1161,,Lumefantrine + Arthemether 1 x 6 ,1tab (s),6569420e-977f-11e1-8993-905e29aff6c1,656921d4-977f-11e1-8993-905e29aff6c1
1898c850-a89d-11df-bba5-000c297f1161,,Lumefantrine + Arthemether 2 x 6 ,2tab (s),6569420e-977f-11e1-8993-905e29aff6c1,656921d4-977f-11e1-8993-905e29aff6c1
1898c94a-a89d-11df-bba5-000c297f1161,,Lumefantrine + Arthemether 3 x 6 ,3tab (s),6569420e-977f-11e1-8993-905e29aff6c1,656921d4-977f-11e1-8993-905e29aff6c1
1898ca44-a89d-11df-bba5-000c297f1161,,Lumefantrine + Arthemether 4 x 6 ,4tab (s),6569420e-977f-11e1-8993-905e29aff6c1,656921d4-977f-11e1-8993-905e29aff6c1
1898cb34-a89d-11df-bba5-000c297f1161,,Metformine HCI(500mg tablet),500mg,65694308-977f-11e1-8993-905e29aff6c1,656921d4-977f-11e1-8993-905e29aff6c1
1898cc38-a89d-11df-bba5-000c297f1161,,Morphine sulphate (10mg (slow release)),10mg,65694416-977f-11e1-8993-905e29aff6c1,656921d4-977f-11e1-8993-905e29aff6c1
1898cd32-a89d-11df-bba5-000c297f1161,,Neomycin Sulphate & Bacitracin Zinc Ointment (15g),15g,6569451a-977f-11e1-8993-905e29aff6c1,65692760-977f-11e1-8993-905e29aff6c1
1898ce2c-a89d-11df-bba5-000c297f1161,,Nicotinamide (50mg tablet),50mg,6569461e-977f-11e1-8993-905e29aff6c1,656921d4-977f-11e1-8993-905e29aff6c1
1898cf30-a89d-11df-bba5-000c297f1161,,Nitrofurantoin (100mg tablet),100mg,65694722-977f-11e1-8993-905e29aff6c1,656921d4-977f-11e1-8993-905e29aff6c1
1898d02a-a89d-11df-bba5-000c297f1161,,Nitrofurantoin (20mg tablet) ,20mg,65694722-977f-11e1-8993-905e29aff6c1,656921d4-977f-11e1-8993-905e29aff6c1
1898d124-a89d-11df-bba5-000c297f1161,,Phenobarbitone (30mg tablet) ,30mg,6546f3c0-977f-11e1-8993-905e29aff6c1,656921d4-977f-11e1-8993-905e29aff6c1
1898d214-a89d-11df-bba5-000c297f1161,,Phenobarbitone sodium (200mg/ml 1ml ampulle),1ml,6546f3c0-977f-11e1-8993-905e29aff6c1,656923d2-977f-11e1-8993-905e29aff6c1
1898d340-a89d-11df-bba5-000c297f1161,,Potassium chloride (600mg tablet (slow relea)),600mg,65694826-977f-11e1-8993-905e29aff6c1,656921d4-977f-11e1-8993-905e29aff6c1
1898d444-a89d-11df-bba5-000c297f1161,,Praziquantel (600mg tablet),600mg,6569492a-977f-11e1-8993-905e29aff6c1,656921d4-977f-11e1-8993-905e29aff6c1
1898d534-a89d-11df-bba5-000c297f1161,,Promethazine (5mg/5mL syrup),5ml,65694a38-977f-11e1-8993-905e29aff6c1,6569285a-977f-11e1-8993-905e29aff6c1
1898d61a-a89d-11df-bba5-000c297f1161,,Promethazine (50mg),50mg,65694a38-977f-11e1-8993-905e29aff6c1,656921d4-977f-11e1-8993-905e29aff6c1
1898d70a-a89d-11df-bba5-000c297f1161,,Promethazine hydrochloride (25mg tablet),25mg,65694a38-977f-11e1-8993-905e29aff6c1,656921d4-977f-11e1-8993-905e29aff6c1
1898d7f0-a89d-11df-bba5-000c297f1161,,Quinine Dihydrochloride (300mg/2ml ampulle),2ml,6546fbae-977f-11e1-8993-905e29aff6c1,656923d2-977f-11e1-8993-905e29aff6c1
1898d8d6-a89d-11df-bba5-000c297f1161,,Quinine hydrochloride (300 mg tablet),300mg,6546fbae-977f-11e1-8993-905e29aff6c1,656921d4-977f-11e1-8993-905e29aff6c1
1898d9c6-a89d-11df-bba5-000c297f1161,,Silver Sulfadiazine Cream (50g tube),1%,654b1a86-977f-11e1-8993-905e29aff6c1,65692760-977f-11e1-8993-905e29aff6c1
1898e0f6-a89d-11df-bba5-000c297f1161,,Sodium Valproate (150mg  capsule (Covulex)),150mg,65694b32-977f-11e1-8993-905e29aff6c1,6569265c-977f-11e1-8993-905e29aff6c1
1898e1e6-a89d-11df-bba5-000c297f1161,,Spironolactone (25mg tablet) ,25mg,65694c36-977f-11e1-8993-905e29aff6c1,656921d4-977f-11e1-8993-905e29aff6c1
1898e2d6-a89d-11df-bba5-000c297f1161,,Valproic Acid (150mg tablet (Convulex 150)),150mg,65694d3a-977f-11e1-8993-905e29aff6c1,656921d4-977f-11e1-8993-905e29aff6c1
1898e3c6-a89d-11df-bba5-000c297f1161,,"Vitamin A (100,000 IU tablet)   ",1tab(s),65694e3e-977f-11e1-8993-905e29aff6c1,656921d4-977f-11e1-8993-905e29aff6c1
1898e6be-a89d-11df-bba5-000c297f1161,,"Vitamin A (200,000 IU tablet)   ",1tab(s),65694e3e-977f-11e1-8993-905e29aff6c1,656921d4-977f-11e1-8993-905e29aff6c1
1898e7b8-a89d-11df-bba5-000c297f1161,,Zinc Oxide 10% cream(100mg tube) ,1application,65694f4c-977f-11e1-8993-905e29aff6c1,65692760-977f-11e1-8993-905e29aff6c1
1898f01e-a89d-11df-bba5-000c297f1161,,Paracetamol (500mg tablet),500mg,6545f0e2-977f-11e1-8993-905e29aff6c1,
18990054-a89d-11df-bba5-000c297f1161,,Metformin (1g),1g,65694308-977f-11e1-8993-905e29aff6c1,
1899027a-a89d-11df-bba5-000c297f1161,,Metformin (850mg),850mg,65694308-977f-11e1-8993-905e29aff6c1,
189903ec-a89d-11df-bba5-000c297f1161,,Metformin (750mg),750mg,65694308-977f-11e1-8993-905e29aff6c1,
18990554-a89d-11df-bba5-000c297f1161,,Glibenclamide (10mg tablet),10mg,65693cf0-977f-11e1-8993-905e29aff6c1,
18990d06-a89d-11df-bba5-000c297f1161,,Captopril (6.25mg tablet),6.25mg,6563597a-977f-11e1-8993-905e29aff6c1,
18990ff4-a89d-11df-bba5-000c297f1161,,Captopril (12.5mg tablet),12.5mg,6563597a-977f-11e1-8993-905e29aff6c1,
18991170-a89d-11df-bba5-000c297f1161,,Captopril (50mg tablet),50mg,6563597a-977f-11e1-8993-905e29aff6c1,
18991a4e-a89d-11df-bba5-000c297f1161,,Quinapril (20mg),20mg,6549dc52-977f-11e1-8993-905e29aff6c1,
18991bc0-a89d-11df-bba5-000c297f1161,,Quinapril (40mg tablet),40mg,6549dc52-977f-11e1-8993-905e29aff6c1,
1899234a-a89d-11df-bba5-000c297f1161,,Aspirin (75mg tablet),75mg,6545efde-977f-11e1-8993-905e29aff6c1,
18992ad4-a89d-11df-bba5-000c297f1161,,Aspirin (150mg tablet),150mg,6545efde-977f-11e1-8993-905e29aff6c1,
189934b6-a89d-11df-bba5-000c297f1161,,Hydrochlorothiazide (12.5mg tablet),12.5MG,65588df6-977f-11e1-8993-905e29aff6c1,
18994848-a89d-11df-bba5-000c297f1161,,HCT (25mg tablet),25mg,65588df6-977f-11e1-8993-905e29aff6c1,
18994960-a89d-11df-bba5-000c297f1161,,Nifedipine (10mg tablet),10mg,654704dc-977f-11e1-8993-905e29aff6c1,
18994a46-a89d-11df-bba5-000c297f1161,,Nifedipine (20mg tablet),20mg,654704dc-977f-11e1-8993-905e29aff6c1,
18994bd6-a89d-11df-bba5-000c297f1161,,Nifedipine SR (10mg tablet),10mg,65734966-977f-11e1-8993-905e29aff6c1,
1899c8b8-a89d-11df-bba5-000c297f1161,,Nifedipine SR (20mg tablet),20mg,65734966-977f-11e1-8993-905e29aff6c1,
1899ca5c-a89d-11df-bba5-000c297f1161,,Lente Insulin,1unit(s),65473e02-977f-11e1-8993-905e29aff6c1,
1899cb74-a89d-11df-bba5-000c297f1161,,Propanolol (160mg tablet),160mg,65470f18-977f-11e1-8993-905e29aff6c1,
1899cc6e-a89d-11df-bba5-000c297f1161,,Propanolol (240mg tablet),240mg,65470f18-977f-11e1-8993-905e29aff6c1,
1899cd68-a89d-11df-bba5-000c297f1161,,Propanolol (320mg tablet),320mg,65470f18-977f-11e1-8993-905e29aff6c1,
1899ce62-a89d-11df-bba5-000c297f1161,,Methyldopa (125mg tablet),125mg,654706da-977f-11e1-8993-905e29aff6c1,
1899cf5c-a89d-11df-bba5-000c297f1161,,Methyldopa (500mg tablet),500mg,654706da-977f-11e1-8993-905e29aff6c1,
1899d056-a89d-11df-bba5-000c297f1161,,Furosemide (20mg tablet),20mg,6546003c-977f-11e1-8993-905e29aff6c1,
1899d150-a89d-11df-bba5-000c297f1161,,Furosemide (60mg tablet),60mg,6546003c-977f-11e1-8993-905e29aff6c1,
1899d24a-a89d-11df-bba5-000c297f1161,,Furosemide (80mg tablet),80mg,6546003c-977f-11e1-8993-905e29aff6c1,
1899d344-a89d-11df-bba5-000c297f1161,,Furosemide (120mg tablet),120mg,6546003c-977f-11e1-8993-905e29aff6c1,
1899d434-a89d-11df-bba5-000c297f1161,,Acyclovir (400mg tablet),400mg,6549dd6a-977f-11e1-8993-905e29aff6c1,
1899d52e-a89d-11df-bba5-000c297f1161,,Allopurinol (100mg tablet),100mg,65734a74-977f-11e1-8993-905e29aff6c1,
1899d628-a89d-11df-bba5-000c297f1161,,Benzhexol (5mg tablet),5mg,654b01c2-977f-11e1-8993-905e29aff6c1,
1899d722-a89d-11df-bba5-000c297f1161,,Carbimazole (5mg tablet),5mg,65734b6e-977f-11e1-8993-905e29aff6c1,
1899d812-a89d-11df-bba5-000c297f1161,,Chloramphenicol (250mg tablet),250mg,65472cfa-977f-11e1-8993-905e29aff6c1,
1899d90c-a89d-11df-bba5-000c297f1161,,Chlorpheniramine (4mg tablet),4mg,654affa6-977f-11e1-8993-905e29aff6c1,
1899d9fc-a89d-11df-bba5-000c297f1161,,Codeine phosphate (15mg tablet),15mg,65734c7c-977f-11e1-8993-905e29aff6c1,
1899daf6-a89d-11df-bba5-000c297f1161,,Cotrimoxazole (480mg tablet),480mg,654b02da-977f-11e1-8993-905e29aff6c1,
1899dbf0-a89d-11df-bba5-000c297f1161,,Dexamethasone (0.5mg tablet),0.5mg,65734d80-977f-11e1-8993-905e29aff6c1,
1899dcea-a89d-11df-bba5-000c297f1161,,Diclofenac Sodium (25mg tablet),25mg,65483f50-977f-11e1-8993-905e29aff6c1,
1899dde4-a89d-11df-bba5-000c297f1161,,Digoxin (0.250mg tablet),0.25mg,65663a1e-977f-11e1-8993-905e29aff6c1,
1899dede-a89d-11df-bba5-000c297f1161,,Doxycycline (100mg tablet),100mg,6545fbfa-977f-11e1-8993-905e29aff6c1,
1899dfce-a89d-11df-bba5-000c297f1161,,Flucloxacillin (250mg tablet),250mg,65484b3a-977f-11e1-8993-905e29aff6c1,
1899e0c8-a89d-11df-bba5-000c297f1161,,Hydrocortisone (20mg tablet),20mg,65474a14-977f-11e1-8993-905e29aff6c1,
1899e1c2-a89d-11df-bba5-000c297f1161,,Indomethacin (25mg tablet),25mg,65472638-977f-11e1-8993-905e29aff6c1,
1899e2b2-a89d-11df-bba5-000c297f1161,,Mebendazole (500mg tablet),500mg,6546fcd0-977f-11e1-8993-905e29aff6c1,
1899e3ac-a89d-11df-bba5-000c297f1161,,Methotrexate (2.5mg tablet),2.5mg,65734e8e-977f-11e1-8993-905e29aff6c1,
1899e4a6-a89d-11df-bba5-000c297f1161,,Nitrofurantoin (50mg tablet),50mg,65694722-977f-11e1-8993-905e29aff6c1,
1899e5a0-a89d-11df-bba5-000c297f1161,,Procyclidine (5mg tablet),5mg,65734f92-977f-11e1-8993-905e29aff6c1,
1899e69a-a89d-11df-bba5-000c297f1161,,Propantheline bromide(15mg),15mg,657350a0-977f-11e1-8993-905e29aff6c1,
1899e794-a89d-11df-bba5-000c297f1161,,Sodium Valproate (200mg tablet),200mg,65694b32-977f-11e1-8993-905e29aff6c1,
1899e884-a89d-11df-bba5-000c297f1161,,SP (525mg tablet),525mg,6545eed0-977f-11e1-8993-905e29aff6c1,
1899e97e-a89d-11df-bba5-000c297f1161,,Tramadol (50mg),50mg,657351a4-977f-11e1-8993-905e29aff6c1,
1899ea78-a89d-11df-bba5-000c297f1161,,Amoxicillin (125mg/5ml syrup),,65472b24-977f-11e1-8993-905e29aff6c1,
1899eb68-a89d-11df-bba5-000c297f1161,,Chloramphenicol (125mg/5ml syrup),,65472cfa-977f-11e1-8993-905e29aff6c1,
1899ec62-a89d-11df-bba5-000c297f1161,,Chlorpheniramine (2mg/5ml Suspension),,654affa6-977f-11e1-8993-905e29aff6c1,
1899ed5c-a89d-11df-bba5-000c297f1161,,Flucloxacillin (125mg/5ml suspension),,65484b3a-977f-11e1-8993-905e29aff6c1,
1899ee42-a89d-11df-bba5-000c297f1161,,Fluconazole (10mg/ml suspension),,6549f2dc-977f-11e1-8993-905e29aff6c1,
1899ef3c-a89d-11df-bba5-000c297f1161,,Metronidazole (200mg/5ml suspension),,6546f2a8-977f-11e1-8993-905e29aff6c1,
1899f02c-a89d-11df-bba5-000c297f1161,,Promethazine (25mg/5ml syrup),,65694a38-977f-11e1-8993-905e29aff6c1,
1899f126-a89d-11df-bba5-000c297f1161,,Aminophylline (25mg/ml),10ml,654b0fbe-977f-11e1-8993-905e29aff6c1,
1899f220-a89d-11df-bba5-000c297f1161,,Benzylpenicillin (2.4MU),2.4MU,6563fa10-977f-11e1-8993-905e29aff6c1,
1899f31a-a89d-11df-bba5-000c297f1161,,Cyclizine (50mg/ml Injection),,657352a8-977f-11e1-8993-905e29aff6c1,
1899f414-a89d-11df-bba5-000c297f1161,,Cimetidine (200mg/ml Injection),,655e5eb6-977f-11e1-8993-905e29aff6c1,
1899f50e-a89d-11df-bba5-000c297f1161,,Dexamethasone (5mg/ml Injection),5ml,65734d80-977f-11e1-8993-905e29aff6c1,
1899f5fe-a89d-11df-bba5-000c297f1161,,Diclofenac injection (75mg),75mg (injection),65483f50-977f-11e1-8993-905e29aff6c1,
1899f6f8-a89d-11df-bba5-000c297f1161,,Digoxin (250 mcg/ml),2ml,65663a1e-977f-11e1-8993-905e29aff6c1,
189ae8ba-a89d-11df-bba5-000c297f1161,,"Flucloxacillin (250mg, vial, PFR)",,65484b3a-977f-11e1-8993-905e29aff6c1,
189aec48-a89d-11df-bba5-000c297f1161,,Fluconazole (2mg/ml injection),100ml,6549f2dc-977f-11e1-8993-905e29aff6c1,
189aed6a-a89d-11df-bba5-000c297f1161,,Fluphenazine (25mg/ml),2ml,654b0eb0-977f-11e1-8993-905e29aff6c1,
189aee6e-a89d-11df-bba5-000c297f1161,,Frusemide (10mg/ml injection),2ml,65730d0c-977f-11e1-8993-905e29aff6c1,
189aef68-a89d-11df-bba5-000c297f1161,,Gentamicin (240mg),240mg,6546014a-977f-11e1-8993-905e29aff6c1,
189af062-a89d-11df-bba5-000c297f1161,,Heparin (5000u/ml),5ml,657353ac-977f-11e1-8993-905e29aff6c1,
189af15c-a89d-11df-bba5-000c297f1161,,Hyoscine (20mg/ml Injection),,657354ba-977f-11e1-8993-905e29aff6c1,
189af256-a89d-11df-bba5-000c297f1161,,Hydralazine HCl (20mg/ml Injection),1ml,654b10d6-977f-11e1-8993-905e29aff6c1,
189af35a-a89d-11df-bba5-000c297f1161,,Hydrocortisone iv (50mg/ml injection),2ml,65474a14-977f-11e1-8993-905e29aff6c1,
189af454-a89d-11df-bba5-000c297f1161,,Insulin soluble (100 IU/ml Injection),,6547414a-977f-11e1-8993-905e29aff6c1,
189af558-a89d-11df-bba5-000c297f1161,,Insulin lente (100 IU/ml),,65473e02-977f-11e1-8993-905e29aff6c1,
189afc4c-a89d-11df-bba5-000c297f1161,,Ketamine hydrochloride (50mg/ml injection),10ml,657355be-977f-11e1-8993-905e29aff6c1,
189afd78-a89d-11df-bba5-000c297f1161,,Lignocaine hydrochloride(1%),25ml,657356c2-977f-11e1-8993-905e29aff6c1,
189aff4e-a89d-11df-bba5-000c297f1161,,Lignocaine hydrochloride (2%),25ml,657356c2-977f-11e1-8993-905e29aff6c1,
189b00e8-a89d-11df-bba5-000c297f1161,,"Lignocaine + glucose (7.5%,heavy)",2ml,657356c2-977f-11e1-8993-905e29aff6c1,
189b03a4-a89d-11df-bba5-000c297f1161,,Magnesium sulphate (50%),2ml,657357c6-977f-11e1-8993-905e29aff6c1,
189b0548-a89d-11df-bba5-000c297f1161,,Methylprednisolone (40mg Injection),,657358ca-977f-11e1-8993-905e29aff6c1,
189b06ec-a89d-11df-bba5-000c297f1161,,Metronidazole (5mg/ml Injection),100ml,6546f2a8-977f-11e1-8993-905e29aff6c1,
189b0890-a89d-11df-bba5-000c297f1161,,Morphine sulphate (15mg/ml Injection),1ml,65694416-977f-11e1-8993-905e29aff6c1,
189b0a34-a89d-11df-bba5-000c297f1161,,Neostigmine (2.5mg injection),2.5mg,657359d8-977f-11e1-8993-905e29aff6c1,
189b0bce-a89d-11df-bba5-000c297f1161,,Oxytocin (10 IU/ml),1ml,65735adc-977f-11e1-8993-905e29aff6c1,
189b0d68-a89d-11df-bba5-000c297f1161,,Paraldehyde (10ml),10ml,65735be0-977f-11e1-8993-905e29aff6c1,
189b0f02-a89d-11df-bba5-000c297f1161,,Pethidine hydrochloride (50mg/1ml),2ml,65735ce4-977f-11e1-8993-905e29aff6c1,
189b10a6-a89d-11df-bba5-000c297f1161,,Phytomenadione (10mg/ml Vit K),1ml,65735df2-977f-11e1-8993-905e29aff6c1,
189b1240-a89d-11df-bba5-000c297f1161,,Potassium chloride (20%),10ml,65694826-977f-11e1-8993-905e29aff6c1,
189b13da-a89d-11df-bba5-000c297f1161,,Promethazine HCl (25mg/ml),2ml,65694a38-977f-11e1-8993-905e29aff6c1,
189b1574-a89d-11df-bba5-000c297f1161,,Salbutamol (resp solution 5mg/ml),30ml,654a3238-977f-11e1-8993-905e29aff6c1,
189b170e-a89d-11df-bba5-000c297f1161,,Salbutamol,5ml,654a3238-977f-11e1-8993-905e29aff6c1,
189b18a8-a89d-11df-bba5-000c297f1161,,Suxamethonium chloride (50mg/ml),2ml,65735eec-977f-11e1-8993-905e29aff6c1,
189b1a42-a89d-11df-bba5-000c297f1161,,"Thiopentone sodium (500mg, PFR)",500mg,65735ff0-977f-11e1-8993-905e29aff6c1,
189b1b3c-a89d-11df-bba5-000c297f1161,,Water for injections,10ml,657360fe-977f-11e1-8993-905e29aff6c1,
189b1c40-a89d-11df-bba5-000c297f1161,,Rabies vaccine,,65482678-977f-11e1-8993-905e29aff6c1,
189b1d30-a89d-11df-bba5-000c297f1161,,Tetanus antitoxin (1500 IU),1500IU,65736202-977f-11e1-8993-905e29aff6c1,
189b1e2a-a89d-11df-bba5-000c297f1161,,Vecuronium (4mg/ml Injecion),,65736306-977f-11e1-8993-905e29aff6c1,
189b1f24-a89d-11df-bba5-000c297f1161,,Ferrous Syrup (60mg/5ml),,6547145e-977f-11e1-8993-905e29aff6c1,
189b201e-a89d-11df-bba5-000c297f1161,,Ampicillin Injection(500 mg),500mg,654732b8-977f-11e1-8993-905e29aff6c1,
189b2118-a89d-11df-bba5-000c297f1161,,Benzylpenicillin (5mu),5mu,6563fa10-977f-11e1-8993-905e29aff6c1,
189b2212-a89d-11df-bba5-000c297f1161,,Bupivacaine spinal (0.5%),4ml,6573640a-977f-11e1-8993-905e29aff6c1,
189b230c-a89d-11df-bba5-000c297f1161,,"Cefotaxime (500mg, PFR)",500mg,6573650e-977f-11e1-8993-905e29aff6c1,
189b23fc-a89d-11df-bba5-000c297f1161,,"Chloramphenicol succinate (1g, PFR)",1g,65472cfa-977f-11e1-8993-905e29aff6c1,
189b24f6-a89d-11df-bba5-000c297f1161,,Chlorpromazine HCl (25mg/ml),2ml,654b00aa-977f-11e1-8993-905e29aff6c1,
189b25e6-a89d-11df-bba5-000c297f1161,,Ergometrine+Oxytocin,1ml,65736612-977f-11e1-8993-905e29aff6c1,
189b26e0-a89d-11df-bba5-000c297f1161,,Antacid Susp (Mag/Alumin),,654b20f8-977f-11e1-8993-905e29aff6c1,
189b27da-a89d-11df-bba5-000c297f1161,,Magnesium trisilicate compound,,65476454-977f-11e1-8993-905e29aff6c1,
189b28d4-a89d-11df-bba5-000c297f1161,,Frusemide (40mg tablet),40mg,65730d0c-977f-11e1-8993-905e29aff6c1,
189b29ce-a89d-11df-bba5-000c297f1161,,Vitamin B complex (strong tablets),,6547752a-977f-11e1-8993-905e29aff6c1,
189b2ac8-a89d-11df-bba5-000c297f1161,,Vitamin (tablets),,65736716-977f-11e1-8993-905e29aff6c1,
189b2bc2-a89d-11df-bba5-000c297f1161,,Cephalexin 250mg capsule,250mg,65743178-977f-11e1-8993-905e29aff6c1,
189b2cbc-a89d-11df-bba5-000c297f1161,,Isosorbide dinitrate 10mg tablet,10mg,6565b2ec-977f-11e1-8993-905e29aff6c1,
189b2dac-a89d-11df-bba5-000c297f1161,,Metronidazole 200mg tablet,200mg,6546f2a8-977f-11e1-8993-905e29aff6c1,
189b2ea6-a89d-11df-bba5-000c297f1161,,Artesunate + Amodiaquine 50+153mg,203mg,6574348e-977f-11e1-8993-905e29aff6c1,
189b2fa0-a89d-11df-bba5-000c297f1161,,Amphotericin B 50mg injection,50mg,65743588-977f-11e1-8993-905e29aff6c1,
189bb1f0-a89d-11df-bba5-000c297f1161,,"Ampicillin (Injection 250mg, PFR)",250mg,654732b8-977f-11e1-8993-905e29aff6c1,
189bb330-a89d-11df-bba5-000c297f1161,,"Benzylpenicillin (1g,PFR)",1g,6563fa10-977f-11e1-8993-905e29aff6c1,
189bb434-a89d-11df-bba5-000c297f1161,,Gentamicin (20mg/ml Injection),2ml,6546014a-977f-11e1-8993-905e29aff6c1,
189bb52e-a89d-11df-bba5-000c297f1161,,Haloperidol 5mg/ml injection,2ml,65693df4-977f-11e1-8993-905e29aff6c1,
189bb61e-a89d-11df-bba5-000c297f1161,,Melarsoprol (Mel B) 3.6%,6ml,65743754-977f-11e1-8993-905e29aff6c1,
189bb718-a89d-11df-bba5-000c297f1161,,Metoclopramide hydrochloride 5mg/ml,2ml,6549f71e-977f-11e1-8993-905e29aff6c1,
189bb812-a89d-11df-bba5-000c297f1161,,Phytomenadione (2mg/ml Vit K),1ml,65735df2-977f-11e1-8993-905e29aff6c1,
189bb90c-a89d-11df-bba5-000c297f1161,,Salbutamol sulphate 1mg/ml,5ml,654a3238-977f-11e1-8993-905e29aff6c1,
189bba06-a89d-11df-bba5-000c297f1161,,"Suramin sodium, 1g (injection)",1g,65743858-977f-11e1-8993-905e29aff6c1,
189bbb00-a89d-11df-bba5-000c297f1161,,Tetanus antitoxin (20000 IU),20000IU,65736202-977f-11e1-8993-905e29aff6c1,
189bbbfa-a89d-11df-bba5-000c297f1161,,Anti-snakebite serum,1unit,65743984-977f-11e1-8993-905e29aff6c1,
189bbcf4-a89d-11df-bba5-000c297f1161,,Acyclovir eye ointment 3%,1application,6549dd6a-977f-11e1-8993-905e29aff6c1,
189bbde4-a89d-11df-bba5-000c297f1161,,Alcohol 96%,1application,65743a88-977f-11e1-8993-905e29aff6c1,
189bbee8-a89d-11df-bba5-000c297f1161,,Atropine sulphate eye ointment 1%,1application,65692fa8-977f-11e1-8993-905e29aff6c1,
189bc078-a89d-11df-bba5-000c297f1161,,Benzoic acid 6% + salicylic acid 3% ointment,1application,65743d94-977f-11e1-8993-905e29aff6c1,
189bc17c-a89d-11df-bba5-000c297f1161,,Bismuth subgallate compound suppositories,1item,65743e98-977f-11e1-8993-905e29aff6c1,
189bc276-a89d-11df-bba5-000c297f1161,,Chloramphenicol 5% ear drops,1drop(s),65472cfa-977f-11e1-8993-905e29aff6c1,
189bc370-a89d-11df-bba5-000c297f1161,,Chloremphenicol eye drops 0.5%,1drop(s),65472cfa-977f-11e1-8993-905e29aff6c1,
189bc46a-a89d-11df-bba5-000c297f1161,,Chlorhexadine 1.5% solution,1ml,65743f92-977f-11e1-8993-905e29aff6c1,
189bc56e-a89d-11df-bba5-000c297f1161,,Erythromycin (60mg/5ml suspension),5ml,65473646-977f-11e1-8993-905e29aff6c1,
189bc65e-a89d-11df-bba5-000c297f1161,,Fluorescein sodium eye drops 1% (Minims),1drop(s),65744096-977f-11e1-8993-905e29aff6c1,
189bc758-a89d-11df-bba5-000c297f1161,,"Glycerine suppositories (adult), 4g",1item,65744190-977f-11e1-8993-905e29aff6c1,
189bc852-a89d-11df-bba5-000c297f1161,,"Glycerine suppositories (child), 2g",1item,65744190-977f-11e1-8993-905e29aff6c1,
189bc942-a89d-11df-bba5-000c297f1161,,Halofantrine suspension 100mg/5ml,5ml,654a3346-977f-11e1-8993-905e29aff6c1,
189bca46-a89d-11df-bba5-000c297f1161,,"Iodine solution, weak (iodine tincture)",1application,65744294-977f-11e1-8993-905e29aff6c1,
189bcb36-a89d-11df-bba5-000c297f1161,,Ketoconazole suspension 100mg/5ml,5ml,654b0da2-977f-11e1-8993-905e29aff6c1,
189bcc30-a89d-11df-bba5-000c297f1161,,Salicylic acid ointment 5% (in YSP base),1application,65743b8c-977f-11e1-8993-905e29aff6c1,
189bcd2a-a89d-11df-bba5-000c297f1161,,Salicylic acid ointment 5% (in EO base),1application,65743b8c-977f-11e1-8993-905e29aff6c1,
189bce24-a89d-11df-bba5-000c297f1161,,Zinc oxide 15% ointment (in EO base),1application,65694f4c-977f-11e1-8993-905e29aff6c1,
189bcf32-a89d-11df-bba5-000c297f1161,,Zinc oxide 15% ointment + sulphur 5%,1application,6574449c-977f-11e1-8993-905e29aff6c1,
189bd586-a89d-11df-bba5-000c297f1161,,Zinc paste compount + sulphur 5%,1application,6574449c-977f-11e1-8993-905e29aff6c1,
189bd68a-a89d-11df-bba5-000c297f1161,,Soluble Insulin,1unit(s),6547414a-977f-11e1-8993-905e29aff6c1,
189bd770-a89d-11df-bba5-000c297f1161,,Amitriptyline (50mg tablet),50mg,654b12fc-977f-11e1-8993-905e29aff6c1,
189bd874-a89d-11df-bba5-000c297f1161,,Lisinopril (10mg tablet),10mg,65635a74-977f-11e1-8993-905e29aff6c1,
189bd96e-a89d-11df-bba5-000c297f1161,,Lisinopril (20mg tablet),20mg,65635a74-977f-11e1-8993-905e29aff6c1,
189bda68-a89d-11df-bba5-000c297f1161,,Amlodipine (5mg tablet),5MG,65635ef2-977f-11e1-8993-905e29aff6c1,
189bdb62-a89d-11df-bba5-000c297f1161,,Amlodipine (10mg tablet),10MG,65635ef2-977f-11e1-8993-905e29aff6c1,
189bdc52-a89d-11df-bba5-000c297f1161,,Propanolol (40mg tablet),40mg,65470f18-977f-11e1-8993-905e29aff6c1,
189bdd4c-a89d-11df-bba5-000c297f1161,,Propanolol (80mg),80mg,65470f18-977f-11e1-8993-905e29aff6c1,
189bde46-a89d-11df-bba5-000c297f1161,,Acyclovir (800mg tablet),800mg,6549dd6a-977f-11e1-8993-905e29aff6c1,
189bdf36-a89d-11df-bba5-000c297f1161,,Chloramphenicol (500mg),500mg,65472cfa-977f-11e1-8993-905e29aff6c1,
189be030-a89d-11df-bba5-000c297f1161,,Flucloxacillin (500mg),500mg,65484b3a-977f-11e1-8993-905e29aff6c1,
189be120-a89d-11df-bba5-000c297f1161,,Fluconazole (400mg),400mg,6549f2dc-977f-11e1-8993-905e29aff6c1,
189be21a-a89d-11df-bba5-000c297f1161,,Fluconazole (50mg),50mg,6549f2dc-977f-11e1-8993-905e29aff6c1,
189be30a-a89d-11df-bba5-000c297f1161,,Fluconazole (800mg),800mg,6549f2dc-977f-11e1-8993-905e29aff6c1,
189be40e-a89d-11df-bba5-000c297f1161,,Atavaquone (750 mg),750mg,6574f266-977f-11e1-8993-905e29aff6c1,
189be4fe-a89d-11df-bba5-000c297f1161,,Beclomethasone Inhaler,,65588aa4-977f-11e1-8993-905e29aff6c1,
189be5f8-a89d-11df-bba5-000c297f1161,,Bisacodyl (10mg),10mg,656938e0-977f-11e1-8993-905e29aff6c1,
189be6f2-a89d-11df-bba5-000c297f1161,,Captopril,,6563597a-977f-11e1-8993-905e29aff6c1,
189be7ec-a89d-11df-bba5-000c297f1161,,Clindamycin (300mg),300mg,656939e4-977f-11e1-8993-905e29aff6c1,
189be904-a89d-11df-bba5-000c297f1161,,Clotrimazole pessaries,,654b3228-977f-11e1-8993-905e29aff6c1,
189be9fe-a89d-11df-bba5-000c297f1161,,Codeine (30mg),30mg,6574f360-977f-11e1-8993-905e29aff6c1,
189beae4-a89d-11df-bba5-000c297f1161,,Cotrimoxazole (1920mg),1920mg,654b02da-977f-11e1-8993-905e29aff6c1,
189bebd4-a89d-11df-bba5-000c297f1161,,Cotrimoxazole (960mg),960mg,654b02da-977f-11e1-8993-905e29aff6c1,
189becba-a89d-11df-bba5-000c297f1161,,Dapsone,,6545f8b2-977f-11e1-8993-905e29aff6c1,
189beda0-a89d-11df-bba5-000c297f1161,,Diazepam,,6547016c-977f-11e1-8993-905e29aff6c1,
189bee7c-a89d-11df-bba5-000c297f1161,,Digoxin,,65663a1e-977f-11e1-8993-905e29aff6c1,
189bef6c-a89d-11df-bba5-000c297f1161,,Fefol (450 mg),450mg,654a1712-977f-11e1-8993-905e29aff6c1,
189bf052-a89d-11df-bba5-000c297f1161,,Frusemide (80 mg),80mg,65730d0c-977f-11e1-8993-905e29aff6c1,
189bf3fe-a89d-11df-bba5-000c297f1161,,Ibuprofen (800mg),800mg,654afe8e-977f-11e1-8993-905e29aff6c1,
189bf50c-a89d-11df-bba5-000c297f1161,,Indomethacin (400mg),400mg,65472638-977f-11e1-8993-905e29aff6c1,
189bf5fc-a89d-11df-bba5-000c297f1161,,Isosorbide Dinitrate (20mg),20mg,6565b2ec-977f-11e1-8993-905e29aff6c1,
189bf6f6-a89d-11df-bba5-000c297f1161,,Isosorbide Mononitrate (20mg),20mg,6574f45a-977f-11e1-8993-905e29aff6c1,
189bf7f0-a89d-11df-bba5-000c297f1161,,Loperamide (4mg),4mg,654837c6-977f-11e1-8993-905e29aff6c1,
189bfa70-a89d-11df-bba5-000c297f1161,,Magnesium Trisilicate (500mg),500mg,65476454-977f-11e1-8993-905e29aff6c1,
189bfb6a-a89d-11df-bba5-000c297f1161,,Metronidazole (2g),2g,6546f2a8-977f-11e1-8993-905e29aff6c1,
189bfc64-a89d-11df-bba5-000c297f1161,,Metronidazole (400mg),400mg,6546f2a8-977f-11e1-8993-905e29aff6c1,
189bfd54-a89d-11df-bba5-000c297f1161,,Miconazole gum patch,1tablet,654b0500-977f-11e1-8993-905e29aff6c1,
189bfe4e-a89d-11df-bba5-000c297f1161,,Morphine Sulphate Tablets,,65694416-977f-11e1-8993-905e29aff6c1,
189bff48-a89d-11df-bba5-000c297f1161,,Multivitamin,,65485a58-977f-11e1-8993-905e29aff6c1,
189cb12c-a89d-11df-bba5-000c297f1161,,Nalidixic acid (500mg),500mg,6547307e-977f-11e1-8993-905e29aff6c1,
189cb334-a89d-11df-bba5-000c297f1161,,Nystatin pessaries,,654b0618-977f-11e1-8993-905e29aff6c1,
189cb44c-a89d-11df-bba5-000c297f1161,,Omeprazole (40mg),40mg,65588f0e-977f-11e1-8993-905e29aff6c1,
189cb546-a89d-11df-bba5-000c297f1161,,ORS,,6547933e-977f-11e1-8993-905e29aff6c1,
189cb64a-a89d-11df-bba5-000c297f1161,,Paracetamol (1g),1g,6545f0e2-977f-11e1-8993-905e29aff6c1,
189cb744-a89d-11df-bba5-000c297f1161,,Praziquantel (1200 mg),1200mg,6569492a-977f-11e1-8993-905e29aff6c1,
189cb848-a89d-11df-bba5-000c297f1161,,Prednisolone (40mg),40mg,654a0c68-977f-11e1-8993-905e29aff6c1,
189cb94c-a89d-11df-bba5-000c297f1161,,Prednisolone (60mg),60mg,654a0c68-977f-11e1-8993-905e29aff6c1,
189cba46-a89d-11df-bba5-000c297f1161,,Prednisolone (20 mg),20mg,654a0c68-977f-11e1-8993-905e29aff6c1,
189cbb40-a89d-11df-bba5-000c297f1161,,Primaquine (30mg),30mg,6574f554-977f-11e1-8993-905e29aff6c1,
189cbc3a-a89d-11df-bba5-000c297f1161,,Propanolol,,65470f18-977f-11e1-8993-905e29aff6c1,
189cbd34-a89d-11df-bba5-000c297f1161,,Quinine (600mg),600mg,6546fbae-977f-11e1-8993-905e29aff6c1,
189cbe2e-a89d-11df-bba5-000c297f1161,,Salbutamol Inhaler,,654a3238-977f-11e1-8993-905e29aff6c1,
189cbf32-a89d-11df-bba5-000c297f1161,,Trimethoprim,,6545f2f4-977f-11e1-8993-905e29aff6c1,
189cc02c-a89d-11df-bba5-000c297f1161,,Tetanus Immuno Globulin,,6574f64e-977f-11e1-8993-905e29aff6c1,
189cc126-a89d-11df-bba5-000c297f1161,,Tetanus Toxoid Vaccine,0.5ml,6574f748-977f-11e1-8993-905e29aff6c1,
189cc22a-a89d-11df-bba5-000c297f1161,,Tetanus Toxoid Vaccine (2),0.5ml,6574f748-977f-11e1-8993-905e29aff6c1,
189cc324-a89d-11df-bba5-000c297f1161,,2SRHZ+7RH,,6574fa36-977f-11e1-8993-905e29aff6c1,
189cc41e-a89d-11df-bba5-000c297f1161,,2RHZE+4RH,,6560a3a6-977f-11e1-8993-905e29aff6c1,
189cc518-a89d-11df-bba5-000c297f1161,,2SRHZE+1RHZE/5RHE,,655d566a-977f-11e1-8993-905e29aff6c1,
189cc612-a89d-11df-bba5-000c297f1161,,D4T+3TC+NVP,,654a2bc6-977f-11e1-8993-905e29aff6c1,
189cc70c-a89d-11df-bba5-000c297f1161,,AZT+3TC+NVP,,655a90b0-977f-11e1-8993-905e29aff6c1,
189cc7fc-a89d-11df-bba5-000c297f1161,,Therapeutic feeding,,6574fb30-977f-11e1-8993-905e29aff6c1,
189cc8f6-a89d-11df-bba5-000c297f1161,,Allopurinol (200mg tablet),200mg,65734a74-977f-11e1-8993-905e29aff6c1,
189cc9f0-a89d-11df-bba5-000c297f1161,,Allopurinol (300mg tablet),300mg,65734a74-977f-11e1-8993-905e29aff6c1,
189ccaea-a89d-11df-bba5-000c297f1161,,Amitriptyline (75mg tablet),75mg,654b12fc-977f-11e1-8993-905e29aff6c1,
189ccbe4-a89d-11df-bba5-000c297f1161,,Amoxicillin (500mg),500mg,65472b24-977f-11e1-8993-905e29aff6c1,
189cd4f4-a89d-11df-bba5-000c297f1161,,Aspirin (600mg tablet),600mg,6545efde-977f-11e1-8993-905e29aff6c1,
189cd5f8-a89d-11df-bba5-000c297f1161,,Benzhexol (1mg tablet),1mg,654b01c2-977f-11e1-8993-905e29aff6c1,
189cd6e8-a89d-11df-bba5-000c297f1161,,Benzhexol (2mg tablet),2mg,654b01c2-977f-11e1-8993-905e29aff6c1,
189cd7e2-a89d-11df-bba5-000c297f1161,,Benzhexol (4mg tablet),4mg,654b01c2-977f-11e1-8993-905e29aff6c1,
189cd8dc-a89d-11df-bba5-000c297f1161,,Carbamazepine (100mg tablet),100mg,654b0726-977f-11e1-8993-905e29aff6c1,
189cd9d6-a89d-11df-bba5-000c297f1161,,Carbamazepine (300mg tablet),300mg,654b0726-977f-11e1-8993-905e29aff6c1,
189cdac6-a89d-11df-bba5-000c297f1161,,Carbamazepine (400mg tablet),400mg,654b0726-977f-11e1-8993-905e29aff6c1,
189cdbc0-a89d-11df-bba5-000c297f1161,,Carbimazole (10mg tablet),10mg,65734b6e-977f-11e1-8993-905e29aff6c1,
189cdcba-a89d-11df-bba5-000c297f1161,,Carbimazole (15mg tablet),15mg,65734b6e-977f-11e1-8993-905e29aff6c1,
189cddb4-a89d-11df-bba5-000c297f1161,,Carbimazole (20mg tablet),20mg,65734b6e-977f-11e1-8993-905e29aff6c1,
189cdeae-a89d-11df-bba5-000c297f1161,,Carbimazole (30mg tablet),30mg,65734b6e-977f-11e1-8993-905e29aff6c1,
189cdf9e-a89d-11df-bba5-000c297f1161,,Carbimazole (40mg tablet),40mg,65734b6e-977f-11e1-8993-905e29aff6c1,
189ce098-a89d-11df-bba5-000c297f1161,,Chloramphenicol (1g tablet),1g,65472cfa-977f-11e1-8993-905e29aff6c1,
189ce192-a89d-11df-bba5-000c297f1161,,Chlorpromazine (75mg tablet),75mg,654b00aa-977f-11e1-8993-905e29aff6c1,
189ce282-a89d-11df-bba5-000c297f1161,,Chlorpromazine (200mg tablet),200mg,654b00aa-977f-11e1-8993-905e29aff6c1,
189ce372-a89d-11df-bba5-000c297f1161,,Cimetidine (800mg tablet),800mg,655e5eb6-977f-11e1-8993-905e29aff6c1,
189ce46c-a89d-11df-bba5-000c297f1161,,Codeine phosphate (30mg tablet),30mg,65734c7c-977f-11e1-8993-905e29aff6c1,
189ce566-a89d-11df-bba5-000c297f1161,,Codeine phosphate (60mg tablet),60mg,65734c7c-977f-11e1-8993-905e29aff6c1,
189ce656-a89d-11df-bba5-000c297f1161,,Diazepam (10mg tablet),10mg,6547016c-977f-11e1-8993-905e29aff6c1,
189ce750-a89d-11df-bba5-000c297f1161,,Diclofenac Sodium (100mg tablet),100mg,65483f50-977f-11e1-8993-905e29aff6c1,
189ce84a-a89d-11df-bba5-000c297f1161,,Digoxin (0.125mg tablet),0.125mg,65663a1e-977f-11e1-8993-905e29aff6c1,
189d7cec-a89d-11df-bba5-000c297f1161,,Digoxin (0.5mg tablet),0.5mg,65663a1e-977f-11e1-8993-905e29aff6c1,
189d7e9a-a89d-11df-bba5-000c297f1161,,Doxycycline (200mg tablet),200mg,6545fbfa-977f-11e1-8993-905e29aff6c1,
189d7f9e-a89d-11df-bba5-000c297f1161,,Erythromycin (500mg tablet),500mg,65473646-977f-11e1-8993-905e29aff6c1,
189d80a2-a89d-11df-bba5-000c297f1161,,Ferrous sulphate (1 tablet),1tablet,6547145e-977f-11e1-8993-905e29aff6c1,
189d819c-a89d-11df-bba5-000c297f1161,,Frusemide (120mg tablet),120mg,65730d0c-977f-11e1-8993-905e29aff6c1,
189d8296-a89d-11df-bba5-000c297f1161,,Frusemide (160mg tablet),160mg,65730d0c-977f-11e1-8993-905e29aff6c1,
189d8b2e-a89d-11df-bba5-000c297f1161,,Hydralazine (50mg tablet),50mg,654b10d6-977f-11e1-8993-905e29aff6c1,
189d8c32-a89d-11df-bba5-000c297f1161,,Hydrochlorothiazide (50mg tablet),50mg,65588df6-977f-11e1-8993-905e29aff6c1,
189d8d22-a89d-11df-bba5-000c297f1161,,Hydrocortisone (10mg tablet),10mg,65474a14-977f-11e1-8993-905e29aff6c1,
189d8e1c-a89d-11df-bba5-000c297f1161,,Hydrocortisone (30mg tablet),30mg,65474a14-977f-11e1-8993-905e29aff6c1,
189d8f16-a89d-11df-bba5-000c297f1161,,Indomethacin (50mg tablet),50mg,65472638-977f-11e1-8993-905e29aff6c1,
189d9010-a89d-11df-bba5-000c297f1161,,Lisinopril (5mg tablet),5mg,65635a74-977f-11e1-8993-905e29aff6c1,
189d9114-a89d-11df-bba5-000c297f1161,,Lisinopril (2.5mg tablet),2.5mg,65635a74-977f-11e1-8993-905e29aff6c1,
189d920e-a89d-11df-bba5-000c297f1161,,Loperamide (2mg),2mg,654837c6-977f-11e1-8993-905e29aff6c1,
189d92fe-a89d-11df-bba5-000c297f1161,,Mebendazole (400mg tablet),400mg,6546fcd0-977f-11e1-8993-905e29aff6c1,
189d93f8-a89d-11df-bba5-000c297f1161,,Morphine sulphate (15mg (slow release)),15mg,65694416-977f-11e1-8993-905e29aff6c1,
189d94f2-a89d-11df-bba5-000c297f1161,,Penicillin V (1g),1g,654a22fc-977f-11e1-8993-905e29aff6c1,
189d95ec-a89d-11df-bba5-000c297f1161,,Phenobarbitone (60mg) ,60mg,6546f3c0-977f-11e1-8993-905e29aff6c1,
189d96e6-a89d-11df-bba5-000c297f1161,,Phenobarbitone (90 mg) ,90mg,6546f3c0-977f-11e1-8993-905e29aff6c1,
189d97e0-a89d-11df-bba5-000c297f1161,,Phenobarbitone (120 mg) ,120mg,6546f3c0-977f-11e1-8993-905e29aff6c1,
189d98da-a89d-11df-bba5-000c297f1161,,Phenytoin sodium (150mg tablet),150mg,65473768-977f-11e1-8993-905e29aff6c1,
189d99ca-a89d-11df-bba5-000c297f1161,,Phenytoin sodium (300mg tablet),300mg,65473768-977f-11e1-8993-905e29aff6c1,
189d9ac4-a89d-11df-bba5-000c297f1161,,Potassium chloride (Slow K (25 mmol)),25mmol,65694826-977f-11e1-8993-905e29aff6c1,
189d9bbe-a89d-11df-bba5-000c297f1161,,Potassium chloride (Slow K (50 mmol)),50mmol,65694826-977f-11e1-8993-905e29aff6c1,
189da398-a89d-11df-bba5-000c297f1161,,Praziquantel (1800 mg),1800mg,6569492a-977f-11e1-8993-905e29aff6c1,
189da492-a89d-11df-bba5-000c297f1161,,Praziquantel (2400 mg),2400mg,6569492a-977f-11e1-8993-905e29aff6c1,
189da582-a89d-11df-bba5-000c297f1161,,Propantheline bromide(30mg),30mg,657350a0-977f-11e1-8993-905e29aff6c1,
189da67c-a89d-11df-bba5-000c297f1161,,Quinapril (10mg),10mg,6549dc52-977f-11e1-8993-905e29aff6c1,
189da776-a89d-11df-bba5-000c297f1161,,Quinapril (30mg),30mg,6549dc52-977f-11e1-8993-905e29aff6c1,
189da866-a89d-11df-bba5-000c297f1161,,Sodium Valproate (60mg),60mg,65694b32-977f-11e1-8993-905e29aff6c1,
189da960-a89d-11df-bba5-000c297f1161,,Spironolactone (50mg) ,50mg,65694c36-977f-11e1-8993-905e29aff6c1,
189daa50-a89d-11df-bba5-000c297f1161,,Spironolactone (100mg) ,100mg,65694c36-977f-11e1-8993-905e29aff6c1,
189dab4a-a89d-11df-bba5-000c297f1161,,SP (1 tablet),1tablet,6545eed0-977f-11e1-8993-905e29aff6c1,
189dac44-a89d-11df-bba5-000c297f1161,,SP (2 tablets),2tablets,6545eed0-977f-11e1-8993-905e29aff6c1,
189dad3e-a89d-11df-bba5-000c297f1161,,SP (3 tablets),3tablets,6545eed0-977f-11e1-8993-905e29aff6c1,
189dae2e-a89d-11df-bba5-000c297f1161,,Tramadol (100mg),100mg,657351a4-977f-11e1-8993-905e29aff6c1,
189daf28-a89d-11df-bba5-000c297f1161,,Vitamin B complex (1 tablet),1tablet,6547752a-977f-11e1-8993-905e29aff6c1,
189db702-a89d-11df-bba5-000c297f1161,,Adrenaline injection,1mg,65692ea4-977f-11e1-8993-905e29aff6c1,
189db7fc-a89d-11df-bba5-000c297f1161,,Aminophylline injection,250mg,654b0fbe-977f-11e1-8993-905e29aff6c1,
189db8ec-a89d-11df-bba5-000c297f1161,,Atropine sulphate injection(600mcg),600mcg,65692fa8-977f-11e1-8993-905e29aff6c1,
189db9f0-a89d-11df-bba5-000c297f1161,,Atropine sulphate injection(1200mcg),1200mcg,65692fa8-977f-11e1-8993-905e29aff6c1,
189dbae0-a89d-11df-bba5-000c297f1161,,Atropine sulphate injection(2400mcg),2400mg,65692fa8-977f-11e1-8993-905e29aff6c1,
189dbbda-a89d-11df-bba5-000c297f1161,,Cefotaxime injection(1g),1g,6573650e-977f-11e1-8993-905e29aff6c1,
189dbcd4-a89d-11df-bba5-000c297f1161,,Cefotaxime injection(2g),2g,6573650e-977f-11e1-8993-905e29aff6c1,
189dbdc4-a89d-11df-bba5-000c297f1161,,Ceftriaxone Injection(2g),2g,6548858c-977f-11e1-8993-905e29aff6c1,
189dc4e0-a89d-11df-bba5-000c297f1161,,Chloramphenicol injection(2g),2g,65472cfa-977f-11e1-8993-905e29aff6c1,
189dc698-a89d-11df-bba5-000c297f1161,,Chlorpromazine HCl injection (25 mg),25mg,654b00aa-977f-11e1-8993-905e29aff6c1,
189dc792-a89d-11df-bba5-000c297f1161,,Chlorpromazine HCl injection (50 mg),50mg,654b00aa-977f-11e1-8993-905e29aff6c1,
189dc882-a89d-11df-bba5-000c297f1161,,Chlorpromazine HCl injection (100 mg),100mg,654b00aa-977f-11e1-8993-905e29aff6c1,
189dc97c-a89d-11df-bba5-000c297f1161,,Chlorpromazine HCl injection (200 mg),200mg,654b00aa-977f-11e1-8993-905e29aff6c1,
189dca76-a89d-11df-bba5-000c297f1161,,Dexamethasone injection (1 mg),1mg,65734d80-977f-11e1-8993-905e29aff6c1,
189dd188-a89d-11df-bba5-000c297f1161,,Dexamethasone injection (2 mg),2mg,65734d80-977f-11e1-8993-905e29aff6c1,
189dd26e-a89d-11df-bba5-000c297f1161,,Dexamethasone injection (4 mg),4mg,65734d80-977f-11e1-8993-905e29aff6c1,
189dd3fe-a89d-11df-bba5-000c297f1161,,Dexamethasone injection (5 mg),5mg,65734d80-977f-11e1-8993-905e29aff6c1,
189e56ee-a89d-11df-bba5-000c297f1161,,Dexamethasone injection (10 mg),10mg,65734d80-977f-11e1-8993-905e29aff6c1,
189e5f2c-a89d-11df-bba5-000c297f1161,,Diazepam injection (10mg),10mg (injection),6547016c-977f-11e1-8993-905e29aff6c1,
189e609e-a89d-11df-bba5-000c297f1161,,Diazepam injection (20mg),20mg (injection),6547016c-977f-11e1-8993-905e29aff6c1,
189e61fc-a89d-11df-bba5-000c297f1161,,Diclofenac injection (50mg),50mg (injection),65483f50-977f-11e1-8993-905e29aff6c1,
189e6972-a89d-11df-bba5-000c297f1161,,Flucloxacillin injection (500 mg),500mg (injection),65484b3a-977f-11e1-8993-905e29aff6c1,
189e6aee-a89d-11df-bba5-000c297f1161,,"Frusemide 10mg/ml, 2ml (40mg)",40mg (injection),65730d0c-977f-11e1-8993-905e29aff6c1,
189e728c-a89d-11df-bba5-000c297f1161,,"Frusemide 10mg/ml, 2ml (80mg)",80mg (injection),65730d0c-977f-11e1-8993-905e29aff6c1,
189e7926-a89d-11df-bba5-000c297f1161,,"Frusemide 10mg/ml, 2ml (120mg)",120mg (injection),65730d0c-977f-11e1-8993-905e29aff6c1,
189e7fc0-a89d-11df-bba5-000c297f1161,,"Frusemide 10mg/ml, 2ml (160mg)",160mg (injection),65730d0c-977f-11e1-8993-905e29aff6c1,
189e8dc6-a89d-11df-bba5-000c297f1161,,Gentamicin injection (80mg),80mg (injection),6546014a-977f-11e1-8993-905e29aff6c1,
189e8ec0-a89d-11df-bba5-000c297f1161,,Gentamicin injection (160mg),160mg (injection),6546014a-977f-11e1-8993-905e29aff6c1,
189e8fb0-a89d-11df-bba5-000c297f1161,,Gentamicin injection (240mg),240mg (injection),6546014a-977f-11e1-8993-905e29aff6c1,
189e9096-a89d-11df-bba5-000c297f1161,,Heparin 5000u/ml (5ml) (5000iu),5000iu,657353ac-977f-11e1-8993-905e29aff6c1,
189e9208-a89d-11df-bba5-000c297f1161,,Heparin 5000u/ml (5ml) (10000iu),10000iu,657353ac-977f-11e1-8993-905e29aff6c1,
189e92f8-a89d-11df-bba5-000c297f1161,,Heparin 5000u/ml (5ml) (15000iu),15000iu,657353ac-977f-11e1-8993-905e29aff6c1,
189e93f2-a89d-11df-bba5-000c297f1161,,"Hydralazine HCl 20mg/ml, 1ml (2.5mg)",2.5mg (injection),654b10d6-977f-11e1-8993-905e29aff6c1,
189e94ec-a89d-11df-bba5-000c297f1161,,"Hydralazine HCl 20mg/ml, 1ml (5mg)",5mg (injection),654b10d6-977f-11e1-8993-905e29aff6c1,
189e95e6-a89d-11df-bba5-000c297f1161,,"Hydralazine HCl 20mg/ml, 1ml (10mg)",10mg (injection),654b10d6-977f-11e1-8993-905e29aff6c1,
