Uuid,Role name,Description,Inherited roles,Privileges
9c419a7e-f11f-4d66-8944-aab24b538f9c,Clinical data,Access to clinical data,,View clinical data
d2742175-fdf4-4d3d-81cc-f8a072df0688,Edit nutrition patients,This role allows the user to view and edit patient nutrition data.,View nutrition patients,Add Allergies; Add Encounters; Add Observations; Add Patient Identifiers; Add Patient Programs; Add Patients; Add People; Add Visits; Delete Encounters; Delete Observations; Delete Patient Identifiers; Delete Patient Programs; Delete Patients; Delete People; Delete Visits; Edit Allergies; Edit Observations; Edit Orders; Edit Patient Identifiers; Edit Patient Programs; Edit Patients; Edit People; Edit Users; Edit Visits; Form Entry; Get Concepts; Get Encounter Roles; Remove Allergies; Remove Problems; SQL Level Access; View Calculations; View Concepts; View Encounter Roles
B29C7016-303E-4B95-B31E-D6B89F16F443,Manage nutrition program,Access to managing the nutrition program,Anonymous; Provider; View nutrition patients; Edit nutrition patients,
6e1ec1d3-80bd-4e08-8665-75784f09df02,View nutrition patients,View patient records who are enrolled in the nutrition program.,,Get Allergies; Get Encounter Types; Get Encounters; Get Field Types; Get Forms; Get Identifier Types; Get Locations; Get Observations; Get Order Types; Get Orders; Get Patient Identifiers; Get Patient Programs; Get Patients; Get People; Get Person Attribute Types; Get Problems; Get Programs; Get Providers; Get Users; Get Visit Attribute Types; Get Visit Types; Get Visits; Manage Encounter Roles; Manage Forms; Patient Dashboard - View Demographics Section; Patient Dashboard - View Encounters Section; Patient Dashboard - View Overview Section; Patient Dashboard - View Patient Summary; Patient Dashboard - View Visits Section; Patient Overview - View Allergies; Patient Overview - View Patient Actions; Patient Overview - View Problem List; Patient Overview - View Programs; Provider Management API; View Allergies; View Encounter Types; View Encounters; View Field Types; View Forms; View Identifier Types; View Locations; View Navigation Menu; View Observations; View Order Types; View Orders; View Patient Identifiers; View Patient Programs; View Patients; View People; View Person Attribute Types; View Problems; View Programs; View Providers; View Unpublished Forms; View Users; View Visit Attribute Types; View Visit Types; View Visits
8ac52411-1347-4dae-91f0-58d8283a89fa,Advanced Report Access,"Create, view, edit reports. Access to cohort builder and custom data exports.",Report Access,Add Cohorts; Delete Cohorts; Delete Report Objects; Delete Reports; Edit Cohorts; Get Patient Cohorts; View Administration Functions; View Data Entry Statistics; View Patient Cohorts; View Patient Sets
b6985d78-9a4f-4c12-a2ed-39034d5d6ad8,Edit Patients,This role allows the user to view and edit patient data.,View Patients,Add Allergies; Add Encounters; Add Observations; Add Patient Identifiers; Add Patient Programs; Add Patients; Add People; Add Relationships; Add Visits; Delete Encounters; Delete Observations; Delete Patient Identifiers; Delete Patient Programs; Delete Patients; Delete People; Delete Relationships; Delete Visits; Edit Allergies; Edit Encounters; Edit Observations; Edit Orders; Edit Patient Identifiers; Edit Patient Programs; Edit Patients; Edit People; Edit Relationships; Edit Users; Edit Visits; Form Entry; Get Concepts; Get Encounter Roles; Manage Forms; Manage Synchronization; Remove Allergies; Remove Problems; SQL Level Access; View Calculations; View Concepts; View Encounter Roles; View Synchronization Records; View Synchronization Status
efac78ad-d391-4c57-b3ed-213142cc8e36,Facility Module Access,Access to facility module information (viewing and editing).,,Enter Facility Data Reports; Manage Facility Data Reports; View Administration Functions; View Facility Data Reports; View Navigation Menu
8e9f12fa-ade3-40a6-8720-eda19bca929e,Report Access,Run and view OpenMRS reports.,,Get Concepts; Get Encounter Types; Get Forms; Get Identifier Types; Get Locations; Get Person Attribute Types; Get Programs; Get Users; Run Reports; View Concepts; View Data Exports; View Encounter Types; View Forms; View Identifier Types; View Locations; View Navigation Menu; View Person Attribute Types; View Programs; View Report Objects; View Reports; View Users
73cb0ca3-91fa-47df-bdde-c57e7f6468a2,View Patients,View individual patient records.,,Get Allergies; Get Encounter Types; Get Encounters; Get Field Types; Get Forms; Get Identifier Types; Get Locations; Get Observations; Get Order Types; Get Orders; Get Patient Cohorts; Get Patient Identifiers; Get Patient Program Attribute Types; Get Patient Programs; Get Patients; Get People; Get Person Attribute Types; Get Problems; Get Programs; Get Providers; Get Relationship Types; Get Relationships; Get Users; Get Visit Attribute Types; Get Visit Types; Get Visits; Manage Encounter Roles; Manage Forms; Patient Dashboard - View Demographics Section; Patient Dashboard - View Encounters Section; Patient Dashboard - View Graphs Section; Patient Dashboard - View Overview Section; Patient Dashboard - View Patient Summary; Patient Dashboard - View Visits Section; Patient Overview - View Allergies; Patient Overview - View Patient Actions; Patient Overview - View Problem List; Patient Overview - View Programs; Patient Overview - View Relationships; Provider Management API; View Allergies; View Encounter Types; View Encounters; View Field Types; View Forms; View Identifier Types; View Locations; View Navigation Menu; View Observations; View Order Types; View Orders; View Patient Cohorts; View Patient Identifiers; View Patient Programs; View Patients; View People; View Person Attribute Types; View Problems; View Programs; View Providers; View Relationship Types; View Relationships; View Unpublished Forms; View Users; View Visit Attribute Types; View Visit Types; View Visits
